Autor,Jahr,Titel,Journal,IF/SJR,DOI,PMID,Studientyp,Kernergebnis,Anker
D J Adelstein and Y Li and G L Adams and H Wagner Jr. and J A Kish and J F Ensley and D E Schuller and A A Forastiere,2003,An intergroup phase III comparison of standard radiation therapy and two schedules of concurrent chemoradiotherapy in patients with unresectable squamous cell head and neck cancer,J Clin Oncol,N/A,10.1200/jco.2003.01.008,12506176,N/A,N/A,Adelstein2003
Y Agrawal and W M Koch and W Xiao and W H Westra and A L Trivett and D E Symer and M L Gillison,2008,Oral human papillomavirus infection before and after treatment for human papillomavirus 16-positive and human papillomavirus 16-negative head and neck squamous cell carcinoma,Clin Cancer Res,N/A,10.1158/1078-0432.ccr-08-0498,18981014,N/A,N/A,Agrawal2008
L Ailles and M Prince,2009,Cancer stem cells in head and neck squamous cell carcinoma,Methods Mol Biol,N/A,10.1007/978-1-59745-280-9_11,19582427,N/A,N/A,Ailles2009
M B Amin and S B Edge and F L Greene and D R Byrd and R K Brookland and M K Washington and J E Gershenwald and C C Compton and K R Hess and D C Sullivan,2018,AJCC Cancer Staging Manual,N/A,N/A,,,N/A,N/A,Amin2018
T Andl and T Kahn and A Pfuhl and T Nicola and R Erber and C Conradt and W Klein and M Helbig and A Dietz and H Weidauer and F X Bosch,1998,Etiological involvement of oncogenic human papillomavirus in tonsillar squamous cell carcinomas lacking retinoblastoma cell cycle control,Cancer Res,N/A,,9426048,N/A,N/A,Andl1998
J Andrle and V H Schartinger and I Schwentner and M Deibl and G M Sprinzl,2009,Initial staging examinations for head and neck squamous cell carcinoma: are they appropriate?,J Laryngol Otol,N/A,10.1017/s0022215109005258,19371453,N/A,N/A,Andrle2009
K K Ang and J Harris and R Wheeler and R Weber and D I Rosenthal and P F Nguyen-Tan and W H Westra and C H Chung and R C Jordan and C Lu and H Kim and R Axelrod and C C Silverman and K P Redmond and M L Gillison,2010,Human papillomavirus and survival of patients with oropharyngeal cancer,N Engl J Med,N/A,10.1056/nejmoa0912217,20530316,N/A,N/A,Ang2010
A. Linge and S. Lock and V. Gudziol and A. Nowak and F. Lohaus and C. Von Neubeck and M. Jutz and A. Abdollahi and J. Debus and I. Tinhofer and V. Budach and A. Sak and M. Stuschke and P. Balermpas and C. Rodel and M. Avlar and A.-L. Grosu and C. Bayer and C. Belka and S. Pigorsch and S.E. Combs and S. Welz and D. Zips and F. Buchholz and D.E. Aust and G.B. Baretton and H.D. Thames and A. Dubrovska and J. Alsner and J. Overgaard and M. Baumann and M. Krause,2016,Low cancer stem cell marker expression and low hypoxia identify good prognosis subgroups in HPV(-) HNSCC after postoperative radiochemotherapy: A multicenter study of the DKTK-ROG,Clinical Cancer Research,N/A,10.1158/1078-0432.ccr-15-1990,,N/A,N/A,Linge2016
A. Linge and F. Lohaus and S. Löck and A. Nowak and V. Gudziol and C. Valentini and C. von Neubeck and M. Jütz and I. Tinhofer and V. Budach and A. Sak and M. Stuschke and P. Balermpas and C. Rödel and A.-L. Grosu and A. Abdollahi and J. Debus and U. Ganswindt and C. Belka and S. Pigorsch and S.E. Combs and D. Mönnich and D. Zips and F. Buchholz and D.E. Aust and G.B. Baretton and H.D. Thames and A. Dubrovska and J. Alsner and J. Overgaard and M. Krause and M. Baumann,2016,"HPV status, cancer stem cell marker expression, hypoxia gene signatures and tumour volume identify good prognosis subgroups in patients with HNSCC after primary radiochemotherapy: A multicentre retrospective study of the German Cancer Consortium Radiation",Radiotherapy and Oncology,N/A,10.1016/j.radonc.2016.11.008,,N/A,N/A,Linge2016
"Annett Linge and Steffen L{\""o}ck and V Gudziol and Alexander Nowak and Fabian Lohaus and Cl{\""a}re von Neubeck and Martin J{\""u}tz and Amir Abdollahi and J{\""u}rgen Debus and Inge Tinhofer and Volker Budach and Ali Sak and Martin Stuschke and Panagiotis Balermpas and Claus Michael R{\""o}del and Melanie Avlar and Anca L. Grosu and Christine Bayer and Claus Belka and Steffi U. Pigorsch and Stephanie Elisabeth Combs and Stefan Welz and Daniel Zips and Frank Buchholz and Daniela E. Aust and Gustavo B. Baretton and Howard D. Thames and Anna Dubrovska and Jan Alsner and Jens Overgaard and Michael Baumann and Mechthild Krause",2016,Low Cancer Stem Cell Marker Expression and Low Hypoxia Identify Good Prognosis Subgroups in HPV(−) HNSCC after Postoperative Radiochemotherapy: A Multicenter Study of the DKTK-ROG,Clinical Cancer Research,N/A,,,N/A,N/A,Linge2016LowCS
"Annett Linge and Stefan Schmidt and Fabian Lohaus and Constanze Krenn and Anna Bandurska-Luque and Ivan Platzek and Cl{\""a}re von Neubeck and S. Appold and Alexander Nowak and V Gudziol and Frank Buchholz and Gustavo B. Baretton and Michael Baumann and Steffen L{\""o}ck and Mechthild Krause",2019,"Independent validation of tumour volume, cancer stem cell markers and hypoxia-associated gene expressions for HNSCC after primary radiochemotherapy",Clinical and Translational Radiation Oncology,N/A,,,N/A,N/A,Linge2019IndependentVO
"Annett Linge and Fabian Lohaus and Steffen L{\""o}ck and Alexander Nowak and V Gudziol and Chiara Valentini and Cl{\""a}re von Neubeck and Martin J{\""u}tz and Inge Tinhofer and Volker Budach and Ali Sak and Martin Stuschke and Panagiotis Balermpas and Claus Michael R{\""o}del and Anca L. Grosu and Amir Abdollahi and J{\""u}rgen Debus and Ute Ganswindt and Claus Belka and Steffi U. Pigorsch and Stephanie Elisabeth Combs and David M{\""o}nnich and Daniel Zips and Frank Buchholz and Daniela E. Aust and Gustavo B. Baretton and Howard D. Thames and Anna Dubrovska and Jan Alsner and Jens Overgaard and Mechthild Krause and Michael Baumann",2016,"HPV status, cancer stem cell marker expression, hypoxia gene signatures and tumour volume identify good prognosis subgroups in patients with HNSCC after primary radiochemotherapy: A multicentre retrospective study of the German Cancer Consortium Radiation Oncology Group (DKTK-ROG).",Radiotherapy and oncology : journal of the European Society for Therapeutic Radiology and Oncology,N/A,,,N/A,N/A,Linge2016HPVSC
"Stefan Schmidt and Annett Linge and Alex Zwanenburg and Stefan Leger and Fabian Lohaus and Constanze Krenn and S. Appold and V Gudziol and Alexander Nowak and Cl{\""a}re von Neubeck and Inge Tinhofer and Volker Budach and Ali Sak and Martin Stuschke and Panagiotis Balermpas and Claus Michael R{\""o}del and Hatice Bunea and Anca L. Grosu and Amir Abdollahi and J{\""u}rgen Debus and Ute Ganswindt and Claus Belka and Steffi U. Pigorsch and Stephanie Elisabeth Combs and David M{\""o}nnich and Daniel Zips and Gustavo B. Baretton and Frank Buchholz and Michael Baumann and Mechthild Krause and Steffen L{\""o}ck",2018,Development and Validation of a Gene Signature for Patients with Head and Neck Carcinomas Treated by Postoperative Radio(chemo)therapy,Clinical Cancer Research,N/A,,,N/A,N/A,Schmidt2018DevelopmentAV
"Julia Hess and Kristian Unger and Cornelius Maihoefer and Lars Sch{\""u}ttrumpf and Ludmila Wintergerst and Theresa Heider and Peter Weber and Sebastian N Marschner and Herbert Braselmann and Daniel Samaga and Sebastian Kuger and Ulrike Pflugradt and Philipp Baumeister and Axel Walch and Christine Woischke and Thomas Kirchner and Martin Werner and Kristin Werner and Michael Baumann and Volker Budach and Stephanie Elisabeth Combs and J{\""u}rgen Debus and Anca L. Grosu and Mechthild Krause and Annett Linge and Claus Michael R{\""o}del and Martin Stuschke and Daniel Zips and Horst Zitzelsberger and Ute Ganswindt and Michael Henke and Claus Belka",2018,A Five-MicroRNA Signature Predicts Survival and Disease Control of Patients with Head and Neck Cancer Negative for HPV Infection,Clinical Cancer Research,N/A,,,N/A,N/A,Hess2018AFS
"Steffen L{\""o}ck and Annett Linge and Fabian Lohaus and Nadja Ebert and V Gudziol and Alexander Nowak and Inge Tinhofer and Goda G. Kalinauskaite and Maja Guberina and Martin Stuschke and Panagiotis Balermpas and Jens von der Gr{\""u}n and Anca L. Grosu and J{\""u}rgen Debus and Ute Ganswindt and Claus Belka and Jan C. Peeken and Stephanie Elisabeth Combs and Chiara De-Colle and Daniel Zips and Gustavo B. Baretton and Mechthild Krause and Michael Baumann",2022,Biomarker signatures for primary radiochemotherapy of locally advanced HNSCC - hypothesis generation on a multicentre cohort of the DKTK-ROG.,Radiotherapy and oncology : journal of the European Society for Therapeutic Radiology and Oncology,N/A,,,N/A,N/A,Lck2022BiomarkerSF
"Shehkar Patil and Annett Linge and Marianne Grosser and V Gudziol and A. Nowak and Inge Tinhofer and Volker Budach and Ali Sak and Martin Stuschke and Panagiotis Balermpas and Claus Michael R{\""o}del and Henning Sch{\""a}fer and Anca L. Grosu and Amir Abdollahi and J{\""u}rgen Debus and Ute Ganswindt and Claus Belka and Steffi U. Pigorsch and Stephanie Elisabeth Combs and David M{\""o}nnich and Daniel Zips and Gustavo B. Baretton and Michael Baumann and Marie Krause and Steffen L{\""o}ck",2021,OC-0277 A 6-gene signature for loco-regional control prognosis in HNSCC patients treated by PORT-C,Radiotherapy and Oncology,N/A,,,N/A,N/A,Patil2021OC0277A6
"Annett Linge and Steffen L{\""o}ck and Constanze Krenn and S. Appold and Fabian Lohaus and Alexander Nowak and V Gudziol and Gustavo B. Baretton and Frank Buchholz and Michael Baumann and Mechthild Krause",2016,Independent validation of the prognostic value of cancer stem cell marker expression and hypoxia-induced gene expression for patients with locally advanced HNSCC after postoperative radiotherapy,Clinical and Translational Radiation Oncology,N/A,,,N/A,N/A,Linge2016IndependentVO
"Shehkar Patil and Annett Linge and Hannah Hiepe and Marianne Grosser and Fabian Lohaus and V Gudziol and Alexander Nowak and Inge Tinhofer and Volker Budach and Maja Guberina and Martin Stuschke and Panagiotis Balermpas and Claus Michael R{\""o}del and Henning Sch{\""a}fer and Andreea Grosu and A. Abdollahi and J{\""u}rgen Debus and Claus Belka and Steffi U. Pigorsch and S. E. Combs and Simon Boeke and Daniel Zips and Michael Baumann and M. Krause and Steffen L{\""o}ck",2022,MO-0139 PORT-C improves LRC in a subset of patients with intermediate-risk HNSCC: A matched pair analysis,Radiotherapy and Oncology,N/A,,,N/A,N/A,Patil2022MO0139PI
"Annett Linge and Shehkar Patil and Kristin Gurtner and Marianne Grosser and Fabian Lohaus and V Gudziol and Alexander Nowak and Inge Tinhofer and Volker Budach and Maja Guberina and Martin Stuschke and Panagiotis Balermpas and Claus Michael R{\""o}del and Henning Sch{\""a}fer and Andreea Grosu and A. Abdollahi and J{\""u}rgen Debus and Claus Belka and Steffi U. Pigorsch and Stephanie Elisabeth Combs and Simon Boeke and Daniel Zips and Michael Baumann and Steffen L{\""o}ck and Marie Krause",2022,OC-0256 Biomarker development from joint analyses of HNSCC xenografts and patients treated by PORT-C,Radiotherapy and Oncology,N/A,,,N/A,N/A,Linge2022OC0256BD
"Panagiotis Balermpas and Franz R{\""o}del and Claus Michael R{\""o}del and Mechthild Krause and Annett Linge and Fabian Lohaus and Michael Baumann and Inge Tinhofer and Volker Budach and Eleni Gkika and Martin Stuschke and Melanie Avlar and A L Grosu and Amir Abdollahi and J{\""u}rgen Debus and Christine Bayer and Stefan Stangl and Claus Belka and Steffi U. Pigorsch and Gabriele Multhoff and Stephanie Elisabeth Combs and David M{\""o}nnich and Daniel Zips and Emmanouil Fokas",2016,CD8+ tumour‐infiltrating lymphocytes in relation to HPV status and clinical outcome in patients with head and neck cancer after postoperative chemoradiotherapy: A multicentre study of the German cancer consortium radiation oncology group (DKTK‐ROG),International Journal of Cancer,N/A,,,N/A,N/A,Balermpas2016CD8TL
Fabian Lohaus and Annett Linge and Michael Baumann,2015,HPV and beyond-looking out for biomarkers for distinguishing the good prognosis from the bad prognosis group in locally advanced and clinically high risk HNSCC.,Annals of translational medicine,N/A,,,N/A,N/A,Lohaus2015HPVAB
"Annett Linge and Steffen L{\""o}ck and V Gudziol and Alexander Nowak and Fabian Lohaus and Cl{\""a}re von Neubeck and Martin J{\""u}tz and Amir Abdollahi and J{\""u}rgen Debus and Inge Tinhofer and Volker Budach and Ali Sak and Martin Stuschke and Panagiotis Balermpas and Claus Michael R{\""o}del and Melanie Avlar and Anca L. Grosu and Christine Bayer and Claus Belka and Steffi U. Pigorsch and Stephanie Elisabeth Combs and Stefan Welz and Daniel Zips and Frank Buchholz and Daniela E. Aust and Gustavo B. Baretton and Howard D. Thames and Anna Dubrovska and Jan Alsner and Jens Overgaard and Michael Baumann and Mechthild Krause",2016,Low Cancer Stem Cell Marker Expression and Low Hypoxia Identify Good Prognosis Subgroups in HPV(−) HNSCC after Postoperative Radiochemotherapy: A Multicenter Study of the DKTK-ROG,Clinical Cancer Research,N/A,,,N/A,N/A,Linge2016LowCS
"Annett Linge and Stefan Schmidt and Fabian Lohaus and Constanze Krenn and Anna Bandurska-Luque and Ivan Platzek and Cl{\""a}re von Neubeck and S. Appold and Alexander Nowak and V Gudziol and Frank Buchholz and Gustavo B. Baretton and Michael Baumann and Steffen L{\""o}ck and Mechthild Krause",2019,"Independent validation of tumour volume, cancer stem cell markers and hypoxia-associated gene expressions for HNSCC after primary radiochemotherapy",Clinical and Translational Radiation Oncology,N/A,,,N/A,N/A,Linge2019IndependentVO
"Annett Linge and Fabian Lohaus and Steffen L{\""o}ck and Alexander Nowak and V Gudziol and Chiara Valentini and Cl{\""a}re von Neubeck and Martin J{\""u}tz and Inge Tinhofer and Volker Budach and Ali Sak and Martin Stuschke and Panagiotis Balermpas and Claus Michael R{\""o}del and Anca L. Grosu and Amir Abdollahi and J{\""u}rgen Debus and Ute Ganswindt and Claus Belka and Steffi U. Pigorsch and Stephanie Elisabeth Combs and David M{\""o}nnich and Daniel Zips and Frank Buchholz and Daniela E. Aust and Gustavo B. Baretton and Howard D. Thames and Anna Dubrovska and Jan Alsner and Jens Overgaard and Mechthild Krause and Michael Baumann",2016,"HPV status, cancer stem cell marker expression, hypoxia gene signatures and tumour volume identify good prognosis subgroups in patients with HNSCC after primary radiochemotherapy: A multicentre retrospective study of the German Cancer Consortium Radiation Oncology Group (DKTK-ROG).",Radiotherapy and oncology : journal of the European Society for Therapeutic Radiology and Oncology,N/A,,,N/A,N/A,Linge2016HPVSC
"Stefan Schmidt and Annett Linge and Alex Zwanenburg and Stefan Leger and Fabian Lohaus and Constanze Krenn and S. Appold and V Gudziol and Alexander Nowak and Cl{\""a}re von Neubeck and Inge Tinhofer and Volker Budach and Ali Sak and Martin Stuschke and Panagiotis Balermpas and Claus Michael R{\""o}del and Hatice Bunea and Anca L. Grosu and Amir Abdollahi and J{\""u}rgen Debus and Ute Ganswindt and Claus Belka and Steffi U. Pigorsch and Stephanie Elisabeth Combs and David M{\""o}nnich and Daniel Zips and Gustavo B. Baretton and Frank Buchholz and Michael Baumann and Mechthild Krause and Steffen L{\""o}ck",2018,Development and Validation of a Gene Signature for Patients with Head and Neck Carcinomas Treated by Postoperative Radio(chemo)therapy,Clinical Cancer Research,N/A,,,N/A,N/A,Schmidt2018DevelopmentAV
"Julia Hess and Kristian Unger and Cornelius Maihoefer and Lars Sch{\""u}ttrumpf and Ludmila Wintergerst and Theresa Heider and Peter Weber and Sebastian N Marschner and Herbert Braselmann and Daniel Samaga and Sebastian Kuger and Ulrike Pflugradt and Philipp Baumeister and Axel Walch and Christine Woischke and Thomas Kirchner and Martin Werner and Kristin Werner and Michael Baumann and Volker Budach and Stephanie Elisabeth Combs and J{\""u}rgen Debus and Anca L. Grosu and Mechthild Krause and Annett Linge and Claus Michael R{\""o}del and Martin Stuschke and Daniel Zips and Horst Zitzelsberger and Ute Ganswindt and Michael Henke and Claus Belka",2018,A Five-MicroRNA Signature Predicts Survival and Disease Control of Patients with Head and Neck Cancer Negative for HPV Infection,Clinical Cancer Research,N/A,,,N/A,N/A,Hess2018AFS
"Steffen L{\""o}ck and Annett Linge and Fabian Lohaus and Nadja Ebert and V Gudziol and Alexander Nowak and Inge Tinhofer and Goda G. Kalinauskaite and Maja Guberina and Martin Stuschke and Panagiotis Balermpas and Jens von der Gr{\""u}n and Anca L. Grosu and J{\""u}rgen Debus and Ute Ganswindt and Claus Belka and Jan C. Peeken and Stephanie Elisabeth Combs and Chiara De-Colle and Daniel Zips and Gustavo B. Baretton and Mechthild Krause and Michael Baumann",2022,Biomarker signatures for primary radiochemotherapy of locally advanced HNSCC - hypothesis generation on a multicentre cohort of the DKTK-ROG.,Radiotherapy and oncology : journal of the European Society for Therapeutic Radiology and Oncology,N/A,,,N/A,N/A,Lck2022BiomarkerSF
"Shehkar Patil and Annett Linge and Marianne Grosser and V Gudziol and A. Nowak and Inge Tinhofer and Volker Budach and Ali Sak and Martin Stuschke and Panagiotis Balermpas and Claus Michael R{\""o}del and Henning Sch{\""a}fer and Anca L. Grosu and Amir Abdollahi and J{\""u}rgen Debus and Ute Ganswindt and Claus Belka and Steffi U. Pigorsch and Stephanie Elisabeth Combs and David M{\""o}nnich and Daniel Zips and Gustavo B. Baretton and Michael Baumann and Marie Krause and Steffen L{\""o}ck",2021,OC-0277 A 6-gene signature for loco-regional control prognosis in HNSCC patients treated by PORT-C,Radiotherapy and Oncology,N/A,,,N/A,N/A,Patil2021OC0277A6
"Annett Linge and Steffen L{\""o}ck and Constanze Krenn and S. Appold and Fabian Lohaus and Alexander Nowak and V Gudziol and Gustavo B. Baretton and Frank Buchholz and Michael Baumann and Mechthild Krause",2016,Independent validation of the prognostic value of cancer stem cell marker expression and hypoxia-induced gene expression for patients with locally advanced HNSCC after postoperative radiotherapy,Clinical and Translational Radiation Oncology,N/A,,,N/A,N/A,Linge2016IndependentVO
"Shehkar Patil and Annett Linge and Hannah Hiepe and Marianne Grosser and Fabian Lohaus and V Gudziol and Alexander Nowak and Inge Tinhofer and Volker Budach and Maja Guberina and Martin Stuschke and Panagiotis Balermpas and Claus Michael R{\""o}del and Henning Sch{\""a}fer and Andreea Grosu and A. Abdollahi and J{\""u}rgen Debus and Claus Belka and Steffi U. Pigorsch and S. E. Combs and Simon Boeke and Daniel Zips and Michael Baumann and M. Krause and Steffen L{\""o}ck",2022,MO-0139 PORT-C improves LRC in a subset of patients with intermediate-risk HNSCC: A matched pair analysis,Radiotherapy and Oncology,N/A,,,N/A,N/A,Patil2022MO0139PI
"Annett Linge and Shehkar Patil and Kristin Gurtner and Marianne Grosser and Fabian Lohaus and V Gudziol and Alexander Nowak and Inge Tinhofer and Volker Budach and Maja Guberina and Martin Stuschke and Panagiotis Balermpas and Claus Michael R{\""o}del and Henning Sch{\""a}fer and Andreea Grosu and A. Abdollahi and J{\""u}rgen Debus and Claus Belka and Steffi U. Pigorsch and Stephanie Elisabeth Combs and Simon Boeke and Daniel Zips and Michael Baumann and Steffen L{\""o}ck and Marie Krause",2022,OC-0256 Biomarker development from joint analyses of HNSCC xenografts and patients treated by PORT-C,Radiotherapy and Oncology,N/A,,,N/A,N/A,Linge2022OC0256BD
"Panagiotis Balermpas and Franz R{\""o}del and Claus Michael R{\""o}del and Mechthild Krause and Annett Linge and Fabian Lohaus and Michael Baumann and Inge Tinhofer and Volker Budach and Eleni Gkika and Martin Stuschke and Melanie Avlar and A L Grosu and Amir Abdollahi and J{\""u}rgen Debus and Christine Bayer and Stefan Stangl and Claus Belka and Steffi U. Pigorsch and Gabriele Multhoff and Stephanie Elisabeth Combs and David M{\""o}nnich and Daniel Zips and Emmanouil Fokas",2016,CD8+ tumour‐infiltrating lymphocytes in relation to HPV status and clinical outcome in patients with head and neck cancer after postoperative chemoradiotherapy: A multicentre study of the German cancer consortium radiation oncology group (DKTK‐ROG),International Journal of Cancer,N/A,,,N/A,N/A,Balermpas2016CD8TL
Fabian Lohaus and Annett Linge and Michael Baumann,2015,HPV and beyond-looking out for biomarkers for distinguishing the good prognosis from the bad prognosis group in locally advanced and clinically high risk HNSCC.,Annals of translational medicine,N/A,,,N/A,N/A,Lohaus2015HPVAB
M B Amin and S B Edge and F L Greene and D R Byrd and R K Brookland and M K Washington and J E Gershenwald and C C Compton and K R Hess and D C Sullivan,2018,AJCC Cancer Staging Manual,N/A,N/A,,,N/A,N/A,Amin2018
N/A,N/A,N/A,N/A,N/A,,,N/A,N/A,w
"Becker, Christoph",2023,"Wissenstransfer von der Forschung {\""u}ber die Translation in die Klinik",Die Urologie,N/A,10.1007/s00120-023-02043-2,,N/A,N/A,Becker:2023aa
N/A,2023,Abstracts zum 13. AuF-$\null$Symposium,Die Urologie,N/A,10.1007/s00120-023-02044-1,,N/A,N/A,ref1
Pathma Ramasamy and Anne-Marie Larkin and Annett Linge and Damien Tiernan and Fionnuala McAree and Noel Horgan and Paul Moriarty and Stephen Beatty and Conor C Murphy and Martin Clynes and Susan Kennedy and Paula Meleady,2019,{PRDX}3 is associated with metastasis and poor survival in uveal melanoma,Journal of Clinical Pathology,N/A,10.1136/jclinpath-2019-206173,,N/A,N/A,Ramasamy:2019aa
N/A,2015,[Not Available],Strahlenther Onkol,N/A,10.1007/s00066-015-0847-x,,N/A,N/A,RN45
"Al-Hajj, M. and Wicha, M. S. and Benito-Hernandez, A. and Morrison, S. J. and Clarke, M. F.",2003,Prospective identification of tumorigenic breast cancer cells,Proc Natl Acad Sci U S A,N/A,10.1073/pnas.0530291100,,N/A,N/A,RN423
"Al-Swiahb, J. N. and Huang, C. C. and Fang, F. M. and Chuang, H. C. and Huang, H. Y. and Luo, S. D. and Chen, C. H. and Chen, C. M. and Chien, C. Y.",2010,"Prognostic impact of p16, p53, epidermal growth factor receptor, and human papillomavirus in oropharyngeal cancer in a betel nut-chewing area",Arch Otolaryngol Head Neck Surg,N/A,10.1001/archoto.2010.47,,N/A,N/A,RN277
"Amin, M.B. and Edge, S.B. and Greene, F.L. and Byrd, D.R. and Brookland, R.K. and Washington, M.K. and Gershenwald, J.E. and Compton, C.C. and Hess, K.R. and Sullivan, D.C.",2018,AJCC Cancer Staging Manual,N/A,N/A,,,N/A,N/A,RN379
"Amin, M.B. and Edge, S.B. and Greene, F.L. and Byrd, D.R. and Brookland, R.K. and Washington, M.K. and Gershenwald, J.E. and Compton, C.C. and Hess, K.R. and Sullivan, D.C.",2018,AJCC Cancer Staging Manual,N/A,N/A,,,N/A,N/A,RN109
"Andl, T. and Kahn, T. and Pfuhl, A. and Nicola, T. and Erber, R. and Conradt, C. and Klein, W. and Helbig, M. and Dietz, A. and Weidauer, H. and Bosch, F. X.",1998,Etiological involvement of oncogenic human papillomavirus in tonsillar squamous cell carcinomas lacking retinoblastoma cell cycle control,Cancer Res,N/A,,,N/A,N/A,RN338
"Andl, T. and Kahn, T. and Pfuhl, A. and Nicola, T. and Erber, R. and Conradt, C. and Klein, W. and Helbig, M. and Dietz, A. and Weidauer, H. and Bosch, F. X.",1998,Etiological involvement of oncogenic human papillomavirus in tonsillar squamous cell carcinomas lacking retinoblastoma cell cycle control,Cancer Res,N/A,,,N/A,N/A,RN341
"Andl, T. and Kahn, T. and Pfuhl, A. and Nicola, T. and Erber, R. and Conradt, C. and Klein, W. and Helbig, M. and Dietz, A. and Weidauer, H. and Bosch, F. X.",1998,Etiological involvement of oncogenic human papillomavirus in tonsillar squamous cell carcinomas lacking retinoblastoma cell cycle control,Cancer Res,N/A,,,N/A,N/A,RN358
"Andl, T. and Kahn, T. and Pfuhl, A. and Nicola, T. and Erber, R. and Conradt, C. and Klein, W. and Helbig, M. and Dietz, A. and Weidauer, H. and Bosch, F. X.",1998,Etiological involvement of oncogenic human papillomavirus in tonsillar squamous cell carcinomas lacking retinoblastoma cell cycle control,Cancer Res,N/A,,,N/A,N/A,RN81
"Ang, K. K. and Trotti, A. and Brown, B. W. and Garden, A. S. and Foote, R. L. and Morrison, W. H. and Geara, F. B. and Klotch, D. W. and Goepfert, H. and Peters, L. J.",2001,Randomized trial addressing risk features and time factors of surgery plus radiotherapy in advanced head-and-neck cancer,Int J Radiat Oncol Biol Phys,N/A,10.1016/s0360-3016(01)01690-x,,N/A,N/A,RN233
"Argiris, A. and Eng, C.",2003,"Epidemiology, staging, and screening of head and neck cancer",Cancer Treat Res,N/A,10.1007/0-306-48060-3_2,,N/A,N/A,RN134
"Argiris, A. and Karamouzis, M. V. and Raben, D. and Ferris, R. L.",2008,Head and neck cancer,Lancet,N/A,10.1016/s0140-6736(08)60728-x,,N/A,N/A,RN372
"Ax{\'e}ll, T.",2001,Hypersensitivity of the oral mucosa: clinics and pathology,Acta Odontol Scand,N/A,10.1080/000163501750541192,,N/A,N/A,RN166
"Azizzadeh, B. and Yafai, S. and Rawnsley, J. D. and Abemayor, E. and Sercarz, J. A. and Calcaterra, T. C. and Berke, G. S. and Blackwell, K. E.",2001,Radial forearm free flap pharyngoesophageal reconstruction,Laryngoscope,N/A,10.1097/00005537-200105000-00010,,N/A,N/A,RN211
"Bachaud, J. M. and Cohen-Jonathan, E. and Alzieu, C. and David, J. M. and Serrano, E. and Daly-Schveitzer, N.",1996,Combined postoperative radiotherapy and weekly cisplatin infusion for locally advanced head and neck carcinoma: final report of a randomized trial,Int J Radiat Oncol Biol Phys,N/A,10.1016/s0360-3016(96)00430-0,,N/A,N/A,RN260
"Bagnardi, V. and Blangiardo, M. and La Vecchia, C. and Corrao, G.",2001,Alcohol consumption and the risk of cancer: a meta-analysis,Alcohol Res Health,N/A,,,N/A,N/A,RN140
"Balermpas, P. and Rodel, F. and Rodel, C. and Krause, M. and Linge, A. and Lohaus, F. and Baumann, M. and Tinhofer, I. and Budach, V. and Gkika, E. and Stuschke, M. and Avlar, M. and Grosu, A. L. and Abdollahi, A. and Debus, J. and Bayer, C. and Stangl, S. and Belka, C. and Pigorsch, S. and Multhoff, G. and Combs, S. E. and Monnich, D. and Zips, D. and Fokas, E.",2016,CD8+ tumour-infiltrating lymphocytes in relation to HPV status and clinical outcome in patients with head and neck cancer after postoperative chemoradiotherapy: A multicentre study of the German cancer consortium radiation oncology group (DKTK-ROG),Int J Cancer,N/A,10.1002/ijc.29683,,N/A,N/A,RN34
"Barnes, L. and Pathologie, Universit{\""a}ts-Spital Zurich. Dept. and Eveson, J.W. and Pathology, International Academy of and Sidransky, D. and Organization, World Health and Cancer, International Agency for Research on and Reichart, P.",2005,Pathology and Genetics of Head and Neck Tumours,N/A,N/A,,,N/A,N/A,RN401
"Barnes, L. and Pathologie, Universit{\""a}ts-Spital Zurich. Dept. and Eveson, J.W. and Pathology, International Academy of and Sidransky, D. and Organization, World Health and Cancer, International Agency for Research on and Reichart, P.",2005,Pathology and Genetics of Head and Neck Tumours,N/A,N/A,,,N/A,N/A,RN402
"Barnes, L. and Pathologie, Universit{\""a}ts-Spital Zurich. Dept. and Eveson, J.W. and Pathology, International Academy of and Sidransky, D. and Organization, World Health and Cancer, International Agency for Research on and Reichart, P.",2005,Pathology and Genetics of Head and Neck Tumours,N/A,N/A,,,N/A,N/A,RN116
"Bartelink, H. and Breur, K. and Hart, G. and Annyas, B. and van Slooten, E. and Snow, G.",1983,The value of postoperative radiotherapy as an adjuvant to radical neck dissection,Cancer,N/A,10.1002/1097-0142(19830915)52:6<1008::aid-cncr2820520613>3.0.co;2-b,,N/A,N/A,RN244
"Baschnagel, A. M. and Tonlaar, N. and Eskandari, M. and Kumar, T. and Williams, L. and Hanna, A. and Pruetz, B. L. and Wilson, G. D.",2017,"Combined CD44, c-MET, and EGFR expression in p16-positive and p16-negative head and neck squamous cell carcinomas",J Oral Pathol Med,N/A,10.1111/jop.12478,,N/A,N/A,RN324
"Baumann, M. and Krause, M.",2010,CD44: a cancer stem cell-related biomarker with predictive potential for radiotherapy,Clin Cancer Res,N/A,10.1158/1078-0432.ccr-10-2244,,N/A,N/A,RN331
"Baumann, M. and Krause, M. and Hill, R.",2008,Exploring the role of cancer stem cells in radioresistance,Nat Rev Cancer,N/A,10.1038/nrc2419,,N/A,N/A,RN317
"Baumann, M. and Krause, M. and Thames, H. and Trott, K. and Zips, D.",2009,Cancer stem cells and radiotherapy,Int J Radiat Biol,N/A,10.1080/09553000902836404,,N/A,N/A,RN319
"Begum, S. and Gillison, M. L. and Ansari-Lari, M. A. and Shah, K. and Westra, W. H.",2003,Detection of human papillomavirus in cervical lymph nodes: a highly effective strategy for localizing site of tumor origin,Clin Cancer Res,N/A,,,N/A,N/A,RN163
"Bernier, J. and Cooper, J. S. and Pajak, T. F. and van Glabbeke, M. and Bourhis, J. and Forastiere, A. and Ozsahin, E. M. and Jacobs, J. R. and Jassem, J. and Ang, K. K. and Lefebvre, J. L.",2005,Defining risk levels in locally advanced head and neck cancers: a comparative analysis of concurrent postoperative radiation plus chemotherapy trials of the EORTC (#22931) and RTOG (# 9501),Head Neck,N/A,10.1002/hed.20279,,N/A,N/A,RN414
"Bernier, J. and Domenge, C. and Ozsahin, M. and Matuszewska, K. and Lef{\`e}bvre, J. L. and Greiner, R. H. and Giralt, J. and Maingon, P. and Rolland, F. and Bolla, M. and Cognetti, F. and Bourhis, J. and Kirkpatrick, A. and van Glabbeke, M.",2004,Postoperative irradiation with or without concomitant chemotherapy for locally advanced head and neck cancer,N Engl J Med,N/A,10.1056/nejmoa032641,,N/A,N/A,RN262
"Biomarkers Definitions Working, Group",2001,Biomarkers and surrogate endpoints: preferred definitions and conceptual framework,Clin Pharmacol Ther,N/A,10.1067/mcp.2001.113989,,N/A,N/A,RN432
"Blot, W. J. and McLaughlin, J. K. and Winn, D. M. and Austin, D. F. and Greenberg, R. S. and Preston-Martin, S. and Bernstein, L. and Schoenberg, J. B. and Stemhagen, A. and Fraumeni, J. F., Jr.",1988,Smoking and drinking in relation to oral and pharyngeal cancer,Cancer Res,N/A,,,N/A,N/A,RN136
"Bomken, S. and Fi{\v s}er, K. and Heidenreich, O. and Vormoor, J.",2010,Understanding the cancer stem cell,British Journal of Cancer,N/A,10.1038/sj.bjc.6605821,,N/A,N/A,RN296
"Bonner, J. A. and Harari, P. M. and Giralt, J. and Cohen, R. B. and Jones, C. U. and Sur, R. K. and Raben, D. and Baselga, J. and Spencer, S. A. and Zhu, J. and Youssoufian, H. and Rowinsky, E. K. and Ang, K. K.",2010,"Radiotherapy plus cetuximab for locoregionally advanced head and neck cancer: 5-year survival data from a phase 3 randomised trial, and relation between cetuximab-induced rash and survival",Lancet Oncol,N/A,10.1016/s1470-2045(09)70311-0,,N/A,N/A,RN286
"Bonnet, D. and Dick, J. E.",1997,Human acute myeloid leukemia is organized as a hierarchy that originates from a primitive hematopoietic cell,Nat Med,N/A,10.1038/nm0797-730,,N/A,N/A,RN294
"Bootz, F.",2020,"[Guideline on diagnosis, treatment, and follow-up of laryngeal cancer]",Radiologe,N/A,10.1007/s00117-020-00760-9,,N/A,N/A,RN446
"Boscolo-Rizzo, P. and Del Mistro, A. and Bussu, F. and Lupato, V. and Baboci, L. and Almadori, G. and MC, D. A. Mosto and Paludetti, G.",2013,New insights into human papillomavirus-associated head and neck squamous cell carcinoma,Acta Otorhinolaryngol Ital,N/A,,,N/A,N/A,RN218
"Boscolo-Rizzo, P. and Del Mistro, A. and Bussu, F. and Lupato, V. and Baboci, L. and Almadori, G. and MC, D. A. Mosto and Paludetti, G.",2013,New insights into human papillomavirus-associated head and neck squamous cell carcinoma,Acta Otorhinolaryngol Ital,N/A,,,N/A,N/A,RN284
"Bosetti, C. and Gallus, S. and Trichopoulou, A. and Talamini, R. and Franceschi, S. and Negri, E. and La Vecchia, C.",2003,Influence of the Mediterranean diet on the risk of cancers of the upper aerodigestive tract,Cancer Epidemiol Biomarkers Prev,N/A,,,N/A,N/A,RN150
"Bourhis, J. and Overgaard, J. and Audry, H. and Ang, K. K. and Saunders, M. and Bernier, J. and Horiot, J. C. and Le Ma{\^\i}tre, A. and Pajak, T. F. and Poulsen, M. G. and O'Sullivan, B. and Dobrowsky, W. and Hliniak, A. and Skladowski, K. and Hay, J. H. and Pinto, L. H. and Fallai, C. and Fu, K. K. and Sylvester, R. and Pignon, J. P.",2006,Hyperfractionated or accelerated radiotherapy in head and neck cancer: a meta-analysis,Lancet,N/A,10.1016/s0140-6736(06)69121-6,,N/A,N/A,RN230
"Bouvard, V. and Baan, R. and Straif, K. and Grosse, Y. and Secretan, B. and El Ghissassi, F. and Benbrahim-Tallaa, L. and Guha, N. and Freeman, C. and Galichet, L. and Cogliano, V. and Group, W. H. O. International Agency for Research on Cancer Monograph Working",2009,A review of human carcinogens--Part B: biological agents,Lancet Oncol,N/A,10.1016/s1470-2045(09)70096-8,,N/A,N/A,RN445
"Braakhuis, B. J. and Snijders, P. J. and Keune, W. J. and Meijer, C. J. and Ruijter-Schippers, H. J. and Leemans, C. R. and Brakenhoff, R. H.",2004,Genetic patterns in head and neck cancers that contain or lack transcriptionally active human papillomavirus,J Natl Cancer Inst,N/A,10.1093/jnci/djh183,,N/A,N/A,RN98
"Bruce, W. R. and Van Der Gaag, H.",1963,A QUANTITATIVE ASSAY FOR THE NUMBER OF MURINE LYMPHOMA CELLS CAPABLE OF PROLIFERATION IN VIVO,Nature,N/A,10.1038/199079a0,,N/A,N/A,RN297
"Budach, W. and Hehr, T. and Budach, V. and Belka, C. and Dietz, K.",2006,A meta-analysis of hyperfractionated and accelerated radiotherapy and combined chemotherapy and radiotherapy regimens in unresected locally advanced squamous cell carcinoma of the head and neck,BMC Cancer,N/A,10.1186/1471-2407-6-28,,N/A,N/A,RN252
"B{\""o}cker, W.",2008,"Pathologie: mit {\""u}ber 200 Tabellen",N/A,N/A,,,N/A,N/A,RN369
"B{\""o}cker, W.",2008,"Pathologie: mit {\""u}ber 200 Tabellen",N/A,N/A,,,N/A,N/A,RN117
"Cabrera Rodriguez, J. and Cacicedo, J. and Giralt, J. and Garcia Miragall, E. and Lloret, M. and Arias, F. and Gonzalez Ruiz, M. A. and Contreras, J.",2018,GEORCC recommendations on target volumes in radiotherapy for Head Neck Cancer of Unkown Primary,Crit Rev Oncol Hematol,N/A,10.1016/j.critrevonc.2018.07.006,,N/A,N/A,RN389
"Calais, G. and Alfonsi, M. and Bardet, E. and Sire, C. and Germain, T. and Bergerot, P. and Rhein, B. and Tortochaux, J. and Oudinot, P. and Bertrand, P.",1999,Randomized trial of radiation therapy versus concomitant chemotherapy and radiation therapy for advanced-stage oropharynx carcinoma,J Natl Cancer Inst,N/A,10.1093/jnci/91.24.2081,,N/A,N/A,RN238
"Cardesa, A. and Remmele, W. and Kl{\""o}ppel, G. and Mentzel, T. and Kreipe, H.H. and Rudolph, P. and Slootweg, P.",2008,"Pathologie: Kopf-Hals-Region, Weichgewebstumoren, Haut",N/A,N/A,,,N/A,N/A,RN382
"Cardesa, A. and Remmele, W. and Kl{\""o}ppel, G. and Mentzel, T. and Kreipe, H.H. and Rudolph, P. and Slootweg, P.",2008,"Pathologie: Kopf-Hals-Region, Weichgewebstumoren, Haut",N/A,N/A,,,N/A,N/A,RN393
"Cardesa, A. and Remmele, W. and Kl{\""o}ppel, G. and Mentzel, T. and Kreipe, H.H. and Rudolph, P. and Slootweg, P.",2008,"Pathologie: Kopf-Hals-Region, Weichgewebstumoren, Haut",N/A,N/A,,,N/A,N/A,RN403
"Cardesa, A. and Remmele, W. and Kl{\""o}ppel, G. and Mentzel, T. and Kreipe, H.H. and Rudolph, P. and Slootweg, P.",2008,"Pathologie: Kopf-Hals-Region, Weichgewebstumoren, Haut",N/A,N/A,,,N/A,N/A,RN110
"Carvalho, A. L. and Nishimoto, I. N. and Califano, J. A. and Kowalski, L. P.",2005,Trends in incidence and prognosis for head and neck cancer in the United States: a site-specific analysis of the SEER database,Int J Cancer,N/A,10.1002/ijc.20740,,N/A,N/A,RN418
"Casiglia, J. and Woo, S. B.",2001,A comprehensive review of oral cancer,Gen Dent,N/A,,,N/A,N/A,RN158
"Cawson, R.A. and Odell, E.W.",2008,Cawson's Essentials of Oral Pathology and Oral Medicine E-Book,N/A,N/A,,,N/A,N/A,RN149
"Cawson, R.A. and Odell, E.W.",2008,Cawson's Essentials of Oral Pathology and Oral Medicine E-Book,N/A,N/A,,,N/A,N/A,RN119
"Cawson, R.A. and Odell, E.W.",2008,Cawson's Essentials of Oral Pathology and Oral Medicine E-Book,N/A,N/A,,,N/A,N/A,RN371
"Cawson, R.A. and Odell, E.W.",2017,Cawson's Essentials of Oral Pathology and Oral Medicine,N/A,N/A,,,N/A,N/A,RN391
"Cawson, R.A. and Odell, E.W.",2017,Cawson's Essentials of Oral Pathology and Oral Medicine,N/A,N/A,,,N/A,N/A,RN112
"Ceder, J. A. and Jansson, L. and Ehrnstr{\""o}m, R. A. and R{\""o}nnstrand, L. and Abrahamsson, P. A.",2008,The characterization of epithelial and stromal subsets of candidate stem/progenitor cells in the human adult prostate,Eur Urol,N/A,10.1016/j.eururo.2007.11.028,,N/A,N/A,RN300
"Chen, Y. J. and Chang, J. T. and Liao, C. T. and Wang, H. M. and Yen, T. C. and Chiu, C. C. and Lu, Y. C. and Li, H. F. and Cheng, A. J.",2008,Head and neck cancer in the betel quid chewing area: recent advances in molecular carcinogenesis,Cancer Sci,N/A,10.1111/j.1349-7006.2008.00863.x,,N/A,N/A,RN145
"Chen, Y. W. and Chen, K. H. and Huang, P. I. and Chen, Y. C. and Chiou, G. Y. and Lo, W. L. and Tseng, L. M. and Hsu, H. S. and Chang, K. W. and Chiou, S. H.",2010,Cucurbitacin I suppressed stem-like property and enhanced radiation-induced apoptosis in head and neck squamous carcinoma--derived CD44(+)ALDH1(+) cells,Mol Cancer Ther,N/A,10.1158/1535-7163.mct-10-0504,,N/A,N/A,RN426
"Chi, A. C. and Day, T. A. and Neville, B. W.",2015,Oral cavity and oropharyngeal squamous cell carcinoma--an update,CA Cancer J Clin,N/A,10.3322/caac.21293,,N/A,N/A,RN154
"Chiarini, L. and De Santis, G. and Bedogni, A. and Nocini, P. F.",2002,Lining the mouth floor with prelaminated fascio-mucosal free flaps: clinical experience,Microsurgery,N/A,10.1002/micr.22511,,N/A,N/A,RN212
"Chin, D. and Boyle, G. M. and Porceddu, S. and Theile, D. R. and Parsons, P. G. and Coman, W. B.",2006,"Head and neck cancer: past, present and future",Expert Rev Anticancer Ther,N/A,10.1586/14737140.6.7.1111,,N/A,N/A,RN283
"Christiansen, H. and Bremer, M.",2018,"Strahlentherapie und Radioonkologie aus interdisziplin{\""a}rer Sicht",N/A,N/A,,,N/A,N/A,RN203
"Christiansen, H. and Bremer, M.",2018,"Strahlentherapie und Radioonkologie aus interdisziplin{\""a}rer Sicht",N/A,N/A,,,N/A,N/A,RN204
"Christiansen, H. and Bremer, M.",2018,"Strahlentherapie und Radioonkologie aus interdisziplin{\""a}rer Sicht",N/A,N/A,,,N/A,N/A,RN234
"Chung, C. H. and Gillison, M. L.",2009,Human papillomavirus in head and neck cancer: its role in pathogenesis and clinical implications,Clin Cancer Res,N/A,10.1158/1078-0432.ccr-09-0784,,N/A,N/A,RN343
"Clarke, A. R. and Meniel, V.",2006,The intestinal stem cell niche studied through conditional transgenesis,Ernst Schering Found Symp Proc,N/A,10.1007/2789_2007_046,,N/A,N/A,RN430
"Clarke, M. F. and Dick, J. E. and Dirks, P. B. and Eaves, C. J. and Jamieson, C. H. and Jones, D. L. and Visvader, J. and Weissman, I. L. and Wahl, G. M.",2006,Cancer stem cells--perspectives on current status and future directions: AACR Workshop on cancer stem cells,Cancer Res,N/A,10.1158/0008-5472.can-06-3126,,N/A,N/A,RN310
"Clay, M. R. and Tabor, M. and Owen, J. H. and Carey, T. E. and Bradford, C. R. and Wolf, G. T. and Wicha, M. S. and Prince, M. E.",2010,Single-marker identification of head and neck squamous cell carcinoma cancer stem cells with aldehyde dehydrogenase,Head Neck,N/A,10.1002/hed.21315,,N/A,N/A,RN309
"Coatesworth, A. P. and MacLennan, K.",2002,Squamous cell carcinoma of the upper aerodigestive tract: the prevalence of microscopic extracapsular spread and soft tissue deposits in the clinically N0 neck,Head Neck,N/A,10.1002/hed.10020,,N/A,N/A,RN279
"Cohan, D. M. and Popat, S. and Kaplan, S. E. and Rigual, N. and Loree, T. and Hicks, W. L., Jr.",2009,Oropharyngeal cancer: current understanding and management,Curr Opin Otolaryngol Head Neck Surg,N/A,10.1097/moo.0b013e32832984c0,,N/A,N/A,RN219
"Cooper, J. S. and Pajak, T. F. and Forastiere, A. A. and Jacobs, J. and Campbell, B. H. and Saxman, S. B. and Kish, J. A. and Kim, H. E. and Cmelak, A. J. and Rotman, M. and Machtay, M. and Ensley, J. F. and Chao, K. S. and Schultz, C. J. and Lee, N. and Fu, K. K.",2004,Postoperative concurrent radiotherapy and chemotherapy for high-risk squamous-cell carcinoma of the head and neck,N Engl J Med,N/A,10.1056/nejmoa032646,,N/A,N/A,RN263
"Cooper, J. S. and Zhang, Q. and Pajak, T. F. and Forastiere, A. A. and Jacobs, J. and Saxman, S. B. and Kish, J. A. and Kim, H. E. and Cmelak, A. J. and Rotman, M. and Lustig, R. and Ensley, J. F. and Thorstad, W. and Schultz, C. J. and Yom, S. S. and Ang, K. K.",2012,Long-term follow-up of the RTOG 9501/intergroup phase III trial: postoperative concurrent radiation therapy and chemotherapy in high-risk squamous cell carcinoma of the head and neck,Int J Radiat Oncol Biol Phys,N/A,10.1016/j.ijrobp.2012.05.008,,N/A,N/A,RN415
"Crile, George",1906,EXCISION OF CANCER OF THE HEAD AND NECK. WITH SPECIAL REFERENCE TO THE PLAN OF DISSECTION BASED ON ONE HUNDRED AND THIRTY-TWO OPERATIONS,Journal of the American Medical Association,N/A,,,N/A,N/A,RN267
"Curado, M. P. and Boyle, P.",2013,Epidemiology of head and neck squamous cell carcinoma not related to tobacco or alcohol,Curr Opin Oncol,N/A,10.1097/cco.0b013e32835ff48c,,N/A,N/A,RN336
"D'Souza, G. and Agrawal, Y. and Halpern, J. and Bodison, S. and Gillison, M. L.",2009,Oral sexual behaviors associated with prevalent oral human papillomavirus infection,J Infect Dis,N/A,10.1086/597755,,N/A,N/A,RN362
"Dalerba, P. and Dylla, S. J. and Park, I. K. and Liu, R. and Wang, X. and Cho, R. W. and Hoey, T. and Gurney, A. and Huang, E. H. and Simeone, D. M. and Shelton, A. A. and Parmiani, G. and Castelli, C. and Clarke, M. F.",2007,Phenotypic characterization of human colorectal cancer stem cells,Proc Natl Acad Sci U S A,N/A,10.1073/pnas.0703478104,,N/A,N/A,RN292
"Daly, Tiffany and Poulsen, Michael G and Denham, James W and Peters, Lester J and Lamb, David S and Krawitz, Hedley and Hamilton, Chris and Keller, Jacqui and Tripcony, Lee and Walker, Quenten",2003,The effect of anaemia on efficacy and normal tissue toxicity following radiotherapy for locally advanced squamous cell carcinoma of the head and neck,Radiotherapy and oncology,N/A,,,N/A,N/A,RN274
"Dammann, F. and Horger, M. and Mueller-Berg, M. and Schlemmer, H. and Claussen, C. D. and Hoffman, J. and Eschmann, S. and Bares, R.",2005,"Rational diagnosis of squamous cell carcinoma of the head and neck region: comparative evaluation of CT, MRI, and 18FDG PET",AJR Am J Roentgenol,N/A,10.2214/ajr.184.4.01841326,,N/A,N/A,RN185
"de Jong, M. C. and Pramana, J. and van der Wal, J. E. and Lacko, M. and Peutz-Kootstra, C. J. and de Jong, J. M. and Takes, R. P. and Kaanders, J. H. and van der Laan, B. F. and Wachters, J. and Jansen, J. C. and Rasch, C. R. and van Velthuysen, M. L. and Grenman, R. and Hoebers, F. J. and Schuuring, E. and van den Brekel, M. W. and Begg, A. C.",2010,CD44 expression predicts local recurrence after radiotherapy in larynx cancer,Clin Cancer Res,N/A,10.1158/1078-0432.ccr-10-0799,,N/A,N/A,RN413
"de Vries, N. and Van der Waal, I. and Snow, G. B.",1986,Multiple primary tumours in oral cancer,Int J Oral Maxillofac Surg,N/A,10.1016/s0300-9785(86)80015-1,,N/A,N/A,RN181
"DeLellis, R. A. and Sternberger, L. A. and Mann, R. B. and Banks, P. M. and Nakane, P. K.",1979,Immunoperoxidase technics in diagnostic pathology. Report of a workshop sponsored by the National Cancer Institute,Am J Clin Pathol,N/A,10.1093/ajcp/71.5.483,,N/A,N/A,RN450
"DiNardo, L. J. and Lin, J. and Karageorge, L. S. and Powers, C. N.",2000,"Accuracy, utility, and cost of frozen section margins in head and neck cancer surgery",Laryngoscope,N/A,10.1097/00005537-200010000-00039,,N/A,N/A,RN208
"Domen, J. and Gandy, K. L. and Weissman, I. L.",1998,Systemic overexpression of BCL-2 in the hematopoietic system protects transgenic mice from the consequences of lethal irradiation,Blood,N/A,,,N/A,N/A,RN307
"Duvvuri, U. and Myers, J. N.",2009,Contemporary management of oropharyngeal cancer: anatomy and physiology of the oropharynx,Curr Probl Surg,N/A,10.1067/j.cpsurg.2008.10.003,,N/A,N/A,RN114
"El-Naggar, A.K. and Chan, J.K.C. and Grandis, J.R. and Takata, T. and Slootweg, P.J.",2017,WHO Classification of Head and Neck Tumours,N/A,N/A,,,N/A,N/A,RN390
"El-Naggar, A.K. and Chan, J.K.C. and Grandis, J.R. and Takata, T. and Slootweg, P.J.",2017,WHO Classification of Head and Neck Tumours,N/A,N/A,,,N/A,N/A,RN392
"El-Naggar, A.K. and Chan, J.K.C. and Grandis, J.R. and Takata, T. and Slootweg, P.J.",2017,WHO Classification of Head and Neck Tumours,N/A,N/A,,,N/A,N/A,RN111
"Erdmann, Friederike and Spix, Claudia and Katalinic, Alexander and Christ, Monika and Folkerts, Juliane and Hansmann, Jutta and Kranzh{\""o}fer, Kristine and Kunz, Beatrice and Manegold, Katrin and Penzkofer, Andrea and Treml, Kornelia and Vollmer, Grit and Weg-Remers, Susanne and Barnes, Benjamin and Buttmann-Schweiger, Nina and Dahm, Stefan and Fiebig, Julia and Franke, Manuela and Gurung-Sch{\""o}nfeld, Ina and Haberland, J{\""o}rg and Imhoff, Maren and Kraywinkel, Klaus and Starker, Anne and von Berenberg-Gossler, Petra and Wienecke, Antje",2021,"Krebs in Deutschland f{\""u}r 2017/2018",N/A,N/A,http://dx.doi.org/10.25646/8353,,N/A,N/A,RN171
"Eyler, C. E. and Rich, J. N.",2008,Survival of the fittest: cancer stem cells in therapeutic resistance and angiogenesis,J Clin Oncol,N/A,10.1200/jco.2007.15.1829,,N/A,N/A,RN306
"Fakhry, C. and Westra, W. H. and Li, S. and Cmelak, A. and Ridge, J. A. and Pinto, H. and Forastiere, A. and Gillison, M. L.",2008,Improved survival of patients with human papillomavirus-positive head and neck squamous cell carcinoma in a prospective clinical trial,J Natl Cancer Inst,N/A,10.1093/jnci/djn011,,N/A,N/A,RN100
"Ferlay, J. and Colombet, M. and Soerjomataram, I. and Mathers, C. and Parkin, D. M. and Pineros, M. and Znaor, A. and Bray, F.",2019,Estimating the global cancer incidence and mortality in 2018: GLOBOCAN sources and methods,Int J Cancer,N/A,10.1002/ijc.31937,,N/A,N/A,RN62
"Ferlay, J. and Colombet, M. and Soerjomataram, I. and Parkin, D. M. and Pineros, M. and Znaor, A. and Bray, F.",2021,Cancer statistics for the year 2020: An overview,Int J Cancer,N/A,10.1002/ijc.33588,,N/A,N/A,RN334
"Ferlito, A. and Shaha, A. R. and Silver, C. E. and Rinaldo, A. and Mondin, V.",2001,Incidence and sites of distant metastases from head and neck cancer,ORL J Otorhinolaryngol Relat Spec,N/A,10.1159/000055740,,N/A,N/A,RN194
"Fietkau, R. and Lautenschl{\""a}ger, C. and Sauer, R. and Dunst, J. and Becker, A. and Baumann, M. and Wendt, T. and Gr{\""u}schow, K. and Hess, C. and Budach, V. and Iro, H.",2006,Postoperative concurrent radiochemotherapy versus radiotherapy in high-risk SCCA of the head and neck: Results of the German phase III trial ARO 96--3,Journal of Clinical Oncology,N/A,10.1200/jco.2006.24.18_suppl.5507,,N/A,N/A,RN264
"Fletcher, G. H. and Evers, W. T.",1970,Radiotherapeutic management of surgical recurrences and postoperative residuals in tumors of the head and neck,Radiology,N/A,10.1148/95.1.185,,N/A,N/A,RN242
"Forastiere, A. and Koch, W. and Trotti, A. and Sidransky, D.",2001,Head and neck cancer,N Engl J Med,N/A,10.1056/nejmra001375,,N/A,N/A,RN207
"Fortin, A. and Couture, C. and Doucet, R. and Albert, M. and Allard, J. and Tetu, B.",2001,Does histologic grade have a role in the management of head and neck cancers?,J Clin Oncol,N/A,10.1200/jco.2001.19.21.4107,,N/A,N/A,RN198
"Franceschi, S. and Talamini, R. and Barra, S. and Bar{\'o}n, A. E. and Negri, E. and Bidoli, E. and Serraino, D. and La Vecchia, C.",1990,"Smoking and drinking in relation to cancers of the oral cavity, pharynx, larynx, and esophagus in northern Italy",Cancer Res,N/A,,,N/A,N/A,RN141
"Fu, K. K. and Pajak, T. F. and Trotti, A. and Jones, C. U. and Spencer, S. A. and Phillips, T. L. and Garden, A. S. and Ridge, J. A. and Cooper, J. S. and Ang, K. K.",2000,A Radiation Therapy Oncology Group (RTOG) phase III randomized study to compare hyperfractionation and two variants of accelerated fractionation to standard fractionation radiotherapy for head and neck squamous cell carcinomas: first report of RTOG 9003,Int J Radiat Oncol Biol Phys,N/A,10.1016/s0360-3016(00)00663-5,,N/A,N/A,RN232
"Geretschlager, A. and Bojaxhiu, B. and Dal Pra, A. and Leiser, D. and Schmucking, M. and Arnold, A. and Ghadjar, P. and Aebersold, D. M.",2015,Definitive intensity modulated radiotherapy in locally advanced hypopharygeal and laryngeal squamous cell carcinoma: mature treatment results and patterns of locoregional failure,Radiat Oncol,N/A,10.1186/s13014-014-0323-2,,N/A,N/A,RN323
"Gillison, M. L.",2007,Current topics in the epidemiology of oral cavity and oropharyngeal cancers,Head Neck,N/A,10.1002/hed.20573,,N/A,N/A,RN132
"Gillison, M. L. and D'Souza, G. and Westra, W. and Sugar, E. and Xiao, W. and Begum, S. and Viscidi, R.",2008,Distinct risk factor profiles for human papillomavirus type 16-positive and human papillomavirus type 16-negative head and neck cancers,J Natl Cancer Inst,N/A,10.1093/jnci/djn025,,N/A,N/A,RN359
"Gillison, M. L. and Koch, W. M. and Capone, R. B. and Spafford, M. and Westra, W. H. and Wu, L. and Zahurak, M. L. and Daniel, R. W. and Viglione, M. and Symer, D. E. and Shah, K. V. and Sidransky, D.",2000,Evidence for a causal association between human papillomavirus and a subset of head and neck cancers,J Natl Cancer Inst,N/A,10.1093/jnci/92.9.709,,N/A,N/A,RN86
"Giltnane, J. M. and Rimm, D. L.",2004,Technology insight: Identification of biomarkers with tissue microarray technology,Nat Clin Pract Oncol,N/A,10.1038/ncponc0046,,N/A,N/A,RN448
"Ginestier, C. and Hur, M. H. and Charafe-Jauffret, E. and Monville, F. and Dutcher, J. and Brown, M. and Jacquemier, J. and Viens, P. and Kleer, C. G. and Liu, S. and Schott, A. and Hayes, D. and Birnbaum, D. and Wicha, M. S. and Dontu, G.",2007,ALDH1 is a marker of normal and malignant human mammary stem cells and a predictor of poor clinical outcome,Cell Stem Cell,N/A,10.1016/j.stem.2007.08.014,,N/A,N/A,RN428
"Hafkamp, H. C. and Manni, J. J. and Haesevoets, A. and Voogd, A. C. and Schepers, M. and Bot, F. J. and Hopman, A. H. and Ramaekers, F. C. and Speel, E. J.",2008,Marked differences in survival rate between smokers and nonsmokers with HPV 16-associated tonsillar carcinomas,Int J Cancer,N/A,10.1002/ijc.23458,,N/A,N/A,RN354
"Hashibe, M. and Brennan, P. and Benhamou, S. and Castellsague, X. and Chen, C. and Curado, M. P. and Dal Maso, L. and Daudt, A. W. and Fabianova, E. and Fernandez, L. and W{\""u}nsch-Filho, V. and Franceschi, S. and Hayes, R. B. and Herrero, R. and Koifman, S. and La Vecchia, C. and Lazarus, P. and Levi, F. and Mates, D. and Matos, E. and Menezes, A. and Muscat, J. and Eluf-Neto, J. and Olshan, A. F. and Rudnai, P. and Schwartz, S. M. and Smith, E. and Sturgis, E. M. and Szeszenia-Dabrowska, N. and Talamini, R. and Wei, Q. and Winn, D. M. and Zaridze, D. and Zatonski, W. and Zhang, Z. F. and Berthiller, J. and Boffetta, P.",2007,"Alcohol drinking in never users of tobacco, cigarette smoking in never drinkers, and the risk of head and neck cancer: pooled analysis in the International Head and Neck Cancer Epidemiology Consortium",J Natl Cancer Inst,N/A,10.1093/jnci/djk179,,N/A,N/A,RN135
"Hashibe, M. and Brennan, P. and Chuang, S. C. and Boccia, S. and Castellsague, X. and Chen, C. and Curado, M. P. and Dal Maso, L. and Daudt, A. W. and Fabianova, E. and Fernandez, L. and W{\""u}nsch-Filho, V. and Franceschi, S. and Hayes, R. B. and Herrero, R. and Kelsey, K. and Koifman, S. and La Vecchia, C. and Lazarus, P. and Levi, F. and Lence, J. J. and Mates, D. and Matos, E. and Menezes, A. and McClean, M. D. and Muscat, J. and Eluf-Neto, J. and Olshan, A. F. and Purdue, M. and Rudnai, P. and Schwartz, S. M. and Smith, E. and Sturgis, E. M. and Szeszenia-Dabrowska, N. and Talamini, R. and Wei, Q. and Winn, D. M. and Shangina, O. and Pilarska, A. and Zhang, Z. F. and Ferro, G. and Berthiller, J. and Boffetta, P.",2009,Interaction between tobacco and alcohol use and the risk of head and neck cancer: pooled analysis in the International Head and Neck Cancer Epidemiology Consortium,Cancer Epidemiol Biomarkers Prev,N/A,10.1158/1055-9965.epi-08-0347,,N/A,N/A,RN138
"Hashibe, M. and Morgenstern, H. and Cui, Y. and Tashkin, D. P. and Zhang, Z. F. and Cozen, W. and Mack, T. M. and Greenland, S.",2006,Marijuana use and the risk of lung and upper aerodigestive tract cancers: results of a population-based case-control study,Cancer Epidemiol Biomarkers Prev,N/A,10.1158/1055-9965.epi-06-0330,,N/A,N/A,RN144
"Hausamen, J.E. and Machtens, E. and Reuther, J.F. and Eufinger, H. and K{\""u}bler, A. and Schliephake, H.",2012,"Mund-, Kiefer- und Gesichtschirurgie",N/A,N/A,,,N/A,N/A,RN131
"Heinrich, P.C. and M{\""u}ller, M. and Graeve, L.",2014,"L{\""o}ffler/Petrides Biochemie und Pathobiochemie",N/A,N/A,,,N/A,N/A,RN370
"Heinrich, P.C. and M{\""u}ller, M. and Graeve, L.",2014,"L{\""o}ffler/Petrides Biochemie und Pathobiochemie",N/A,N/A,,,N/A,N/A,RN118
"Helliwell, T. R. and Giles, T. E.",2016,Pathological aspects of the assessment of head and neck cancers: United Kingdom National Multidisciplinary Guidelines,J Laryngol Otol,N/A,10.1017/s0022215116000451,,N/A,N/A,RN282
"Henke, M. and Laszig, R. and R{\""u}be, C. and Sch{\""a}fer, U. and Haase, K. D. and Schilcher, B. and Mose, S. and Beer, K. T. and Burger, U. and Dougherty, C. and Frommhold, H.",2003,"Erythropoietin to treat head and neck cancer patients with anaemia undergoing radiotherapy: randomised, double-blind, placebo-controlled trial",Lancet,N/A,10.1016/s0140-6736(03)14567-9,,N/A,N/A,RN275
"Herrero, R. and Castellsagu{\'e}, X. and Pawlita, M. and Lissowska, J. and Kee, F. and Balaram, P. and Rajkumar, T. and Sridhar, H. and Rose, B. and Pintos, J. and Fern{\'a}ndez, L. and Idris, A. and S{\'a}nchez, M. J. and Nieto, A. and Talamini, R. and Tavani, A. and Bosch, F. X. and Reidel, U. and Snijders, P. J. and Meijer, C. J. and Viscidi, R. and Mu{\~n}oz, N. and Franceschi, S.",2003,Human papillomavirus and oral cancer: the International Agency for Research on Cancer multicenter study,J Natl Cancer Inst,N/A,10.1093/jnci/djg107,,N/A,N/A,RN151
"Herrmann, K. and Niedobitek, G.",2003,Epstein-Barr virus-associated carcinomas: facts and fiction,J Pathol,N/A,10.1002/path.1296,,N/A,N/A,RN408
"Hong, A. M. and Martin, A. and Chatfield, M. and Jones, D. and Zhang, M. and Armstrong, B. and Lee, C. S. and Harnett, G. and Milross, C. and Clark, J. and Elliott, M. and Smee, R. and Corry, J. and Liu, C. and Porceddu, S. and Rees, G. and Rose, B.",2013,"Human papillomavirus, smoking status and outcomes in tonsillar squamous cell carcinoma",Int J Cancer,N/A,10.1002/ijc.27956,,N/A,N/A,RN152
"Horiot, J. C. and Bontemps, P. and van den Bogaert, W. and Le Fur, R. and van den Weijngaert, D. and Bolla, M. and Bernier, J. and Lusinchi, A. and Stuschke, M. and Lopez-Torrecilla, J. and Begg, A. C. and Pierart, M. and Collette, L.",1997,Accelerated fractionation (AF) compared to conventional fractionation (CF) improves loco-regional control in the radiotherapy of advanced head and neck cancers: results of the EORTC 22851 randomized trial,Radiother Oncol,N/A,10.1016/s0167-8140(97)00079-0,,N/A,N/A,RN225
"H{\""o}lzer, D.",1999,"Tumorregister M{\""u}nchen: Jahresbericht 1998 des klinisch-epidemiologischen Krebsregisters am Tumorzentrum M{\""u}nchen. Schwerpunkt: Kolorektale Karzinome",N/A,N/A,,,N/A,N/A,RN170
"Jakob, M. and Sharaf, K. and Schirmer, M. and Leu, M. and Kuffer, S. and Bertlich, M. and Ihler, F. and Haubner, F. and Canis, M. and Kitz, J.",2021,"Role of cancer stem cell markers ALDH1, BCL11B, BMI-1, and CD44 in the prognosis of advanced HNSCC",Strahlenther Onkol,N/A,10.1007/s00066-020-01653-5,,N/A,N/A,RN1
"Jesse, R. H. and Lindberg, R. D.",1975,The efficacy of combining radiation therapy with a surgical procedure in patients with cervical metastasis from squamous cancer of the oropharynx and hypopharynx,Cancer,N/A,10.1002/1097-0142(197504)35:4<1163::aid-cncr2820350422>3.0.co;2-c,,N/A,N/A,RN243
"Joos, S. and Nettelbeck, D. M. and Reil-Held, A. and Engelmann, K. and Moosmann, A. and Eggert, A. and Hiddemann, W. and Krause, M. and Peters, C. and Schuler, M. and Schulze-Osthoff, K. and Serve, H. and Wick, W. and Puchta, J. and Baumann, M.",2019,German Cancer Consortium (DKTK) - A national consortium for translational cancer research,Mol Oncol,N/A,10.1002/1878-0261.12430,,N/A,N/A,RN434
"Jungeh{\""u}lsing, M. and Scheidhauer, K. and Damm, M. and Pietrzyk, U. and Eckel, H. and Schicha, H. and Stennert, E.",2000,2[F]-fluoro-2-deoxy-D-glucose positron emission tomography is a sensitive tool for the detection of occult primary cancer (carcinoma of unknown primary syndrome) with head and neck lymph node manifestation,Otolaryngol Head Neck Surg,N/A,10.1067/mhn.2000.104807,,N/A,N/A,RN178
"J{\""u}tz, M. and Linge, A. and von Neubeck, C. and Lohaus, F. and Tinhofer, I. and Budach, V. and Gkika, E. and Stuschke, M. and Balermpas, P. and R{\""o}del, C. and Avlar, M. and Grosu, A. L. and Abdollahi, A. and Debus, J. and Bayer, C. and Belka, C. and Pigorsch, S. and Combs, S. E. and M{\""o}nnich, D. and Zips, D. and L{\""o}ck, S. and Gudziol, V. and Baretton, G. B. and Baumann, M. and Krause, M. and DKTK-ROG",N/A,"Prognostisches Potential von CD44 als Tumorstammzellmarker f{\""u}r die kombinierte Radiochemotherapie des lokal fortgeschrittenen Kopf-Hals-Plattenepithelkarzinoms",Symposium Experimentelle Strahlentherapie und klinische Strahlenbiologie,N/A,,,N/A,N/A,RN451
"J{\""u}tz, M. and Linge, A. and von Neubeck, C. and Lohaus, F. and Tinhofer, I. and Budach, V. and Gkika, E. and Stuschke, M. and Balermpas, P. and R{\""o}del, C. and Avlar, M. and Grosu, A. L. and Abdollahi, A. and Debus, J. and Bayer, C. and Belka, C. and Pigorsch, S. and Combs, S. E. and M{\""o}nnich, D. and Zips, D. and L{\""o}ck, S. and Gudziol, V. and Baretton, G. B. and Baumann, M. and Krause, M. and DKTK-ROG",N/A,"Prognostisches Potential von CD44 als Tumorstammzellmarker f{\""u}r die kombinierte Radiochemotherapie des lokal fortgeschrittenen Kopf-Hals-Plattenepithelkarzinoms",Symposium Experimentelle Strahlentherapie und klinische Strahlenbiologie,N/A,,,N/A,N/A,RN44
"Kaanders, J. H. and Hordijk, G. J.",2002,"Carcinoma of the larynx: the Dutch national guideline for diagnostics, treatment, supportive care and rehabilitation",Radiother Oncol,N/A,10.1016/s0167-8140(02)00073-7,,N/A,N/A,RN183
"Kessler, P. A. and Bloch-Birkholz, A. and Leher, A. and Neukam, F. W. and Wiltfang, J.",2004,Evaluation of quality of life of patients with oral squamous cell carcinoma. Comparison of two treatment protocols in a prospective study,Radiother Oncol,N/A,10.1016/j.radonc.2003.11.017,,N/A,N/A,RN256
"Kielbassa, A.M. and Blochberger, P.",2004,"Strahlentherapie im Kopf- und Halsbereich: Implikationen f{\""u}r Zahn{\""a}rzte, HNO-{\""A}rzte und Radiotherapeuten",N/A,N/A,,,N/A,N/A,RN202
"Klijanienko, J. and el-Naggar, A. and Ponzio-Prion, A. and Marandas, P. and Micheau, C. and Caillaud, J. M.",1993,Basaloid squamous carcinoma of the head and neck. Immunohistochemical comparison with adenoid cystic carcinoma and squamous cell carcinoma,Arch Otolaryngol Head Neck Surg,N/A,10.1001/archotol.1993.01880200093013,,N/A,N/A,RN405
"Klussmann, J. P. and Weissenborn, S. J. and Wieland, U. and Dries, V. and Eckel, H. E. and Pfister, H. J. and Fuchs, P. G.",2003,Human papillomavirus-positive tonsillar carcinomas: a different tumor entity?,Med Microbiol Immunol,N/A,10.1007/s00430-002-0126-1,,N/A,N/A,RN345
"Klussmann, J. P. and Weissenborn, S. J. and Wieland, U. and Dries, V. and Kolligs, J. and Jungehuelsing, M. and Eckel, H. E. and Dienes, H. P. and Pfister, H. J. and Fuchs, P. G.",2001,"Prevalence, distribution, and viral load of human papillomavirus 16 DNA in tonsillar carcinomas",Cancer,N/A,10.1002/1097-0142(20011201)92:11<2875::aid-cncr10130>3.0.co;2-7,,N/A,N/A,RN346
"Kokem{\""u}ller, H. and Brachvogel, P. and Eckardt, A. and Hausamen, J. E.",2002,[Effectiveness of neck dissection in metastasizing mouth carcinoma. Uni- and multivariate analysis of factors of influence],Mund Kiefer Gesichtschir,N/A,10.1007/s10006-001-0359-y,,N/A,N/A,RN268
"Kononen, J. and Bubendorf, L. and Kallioniemi, A. and Barlund, M. and Schraml, P. and Leighton, S. and Torhorst, J. and Mihatsch, M. J. and Sauter, G. and Kallioniemi, O. P.",1998,Tissue microarrays for high-throughput molecular profiling of tumor specimens,Nat Med,N/A,10.1038/nm0798-844,,N/A,N/A,RN447
"Kotwall, C. and Sako, K. and Razack, M. S. and Rao, U. and Bakamjian, V. and Shedd, D. P.",1987,Metastatic patterns in squamous cell cancer of the head and neck,Am J Surg,N/A,10.1016/0002-9610(89)90020-2,,N/A,N/A,RN192
"Kramer, F. J. and Janssen, M. and Eckardt, A.",2004,Second primary tumours in oropharyngeal squamous cell carcinoma,Clin Oral Investig,N/A,10.1007/s00784-003-0246-z,,N/A,N/A,RN180
"Kramer, S. and Gelber, R. D. and Snow, J. B. and Marcial, V. A. and Lowry, L. D. and Davis, L. W. and Chandler, R.",1987,Combined radiation therapy and surgery in the management of advanced head and neck cancer: final report of study 73-03 of the Radiation Therapy Oncology Group,Head Neck Surg,N/A,10.1002/hed.2890100105,,N/A,N/A,RN241
"Krause, M. and Dubrovska, A. and Linge, A. and Baumann, M.",2017,"Cancer stem cells: Radioresistance, prediction of radiotherapy outcome and specific targets for combined treatments",Adv Drug Deliv Rev,N/A,10.1016/j.addr.2016.02.002,,N/A,N/A,RN18
"Krause, M. and Yaromina, A. and Eicheler, W. and Koch, U. and Baumann, M.",2011,Cancer stem cells: targets and potential biomarkers for radiotherapy,Clin Cancer Res,N/A,10.1158/1078-0432.ccr-10-2639,,N/A,N/A,RN416
"Kreimer, A. R. and Clifford, G. M. and Boyle, P. and Franceschi, S.",2005,Human papillomavirus types in head and neck squamous cell carcinomas worldwide: a systematic review,Cancer Epidemiol Biomarkers Prev,N/A,10.1158/1055-9965.epi-04-0551,,N/A,N/A,RN153
"Laban, S. and Wang, C. J. and Knecht, R. and Tribius, S. and M{\""u}nscher, A.",2012,[New aspects of primary radiochemotherapy in head and neck cancer. Highlights from the 2011 ASCO Congress],Hno,N/A,10.1007/s00106-011-2463-0,,N/A,N/A,RN222
"Langendijk, J. A. and Doornaert, P. and Verdonck-de Leeuw, I. M. and Leemans, C. R. and Aaronson, N. K. and Slotman, B. J.",2008,Impact of late treatment-related toxicity on quality of life among patients with head and neck cancer treated with radiotherapy,J Clin Oncol,N/A,10.1200/jco.2007.14.6647,,N/A,N/A,RN259
"Langendijk, J. A. and Slotman, B. J. and van der Waal, I. and Doornaert, P. and Berkof, J. and Leemans, C. R.",2005,Risk-group definition by recursive partitioning analysis of patients with squamous cell head and neck carcinoma treated with surgery and postoperative radiotherapy,Cancer,N/A,10.1002/cncr.21340,,N/A,N/A,RN271
"Langevin, S. M. and O'Sullivan, M. H. and Valerio, J. L. and Pawlita, M. and Applebaum, K. M. and Eliot, M. and McClean, M. D. and Kelsey, K. T.",2013,Occupational asbestos exposure is associated with pharyngeal squamous cell carcinoma in men from the greater Boston area,Occup Environ Med,N/A,10.1136/oemed-2013-101528,,N/A,N/A,RN148
"Lavaf, A. and Genden, E. M. and Cesaretti, J. A. and Packer, S. and Kao, J.",2008,Adjuvant radiotherapy improves overall survival for patients with lymph node-positive head and neck squamous cell carcinoma,Cancer,N/A,10.1002/cncr.23206,,N/A,N/A,RN245
"Lee, S. H. and Kim, M. J. and Lee, H. J. and Kim, S. J. and Park, J. S. and Hur, S. Y.",2008,"A case of inguinal lymph node squamous cell carcinoma of unknown origin, accompanied with carcinoma in situ of cervix",J Gynecol Oncol,N/A,10.3802/jgo.2008.19.2.145,,N/A,N/A,RN176
"Lenarz, T. and Boenninghaus, H.G.",2012,Hals-Nasen-Ohren-Heilkunde,N/A,N/A,,,N/A,N/A,RN106
"Lenarz, T. and Boenninghaus, H.G.",2012,Hals-Nasen-Ohren-Heilkunde,N/A,N/A,,,N/A,N/A,RN387
"Lenarz, T. and Boenninghaus, H.G.",2012,Hals-Nasen-Ohren-Heilkunde,N/A,N/A,,,N/A,N/A,RN375
"Lenarz, T. and Boenninghaus, H.G.",2012,Hals-Nasen-Ohren-Heilkunde,N/A,N/A,,,N/A,N/A,RN377
"Lenarz, T. and Boenninghaus, H.G.",2012,Hals-Nasen-Ohren-Heilkunde,N/A,N/A,,,N/A,N/A,RN384
"Lenarz, T. and Boenninghaus, H.G.",2012,Hals-Nasen-Ohren-Heilkunde,N/A,N/A,,,N/A,N/A,RN381
"Li, C. and Heidt, D. G. and Dalerba, P. and Burant, C. F. and Zhang, L. and Adsay, V. and Wicha, M. and Clarke, M. F. and Simeone, D. M.",2007,Identification of pancreatic cancer stem cells,Cancer Res,N/A,10.1158/0008-5472.can-06-2030,,N/A,N/A,RN301
"Licciardello, J. T. and Spitz, M. R. and Hong, W. K.",1989,"Multiple primary cancer in patients with cancer of the head and neck: second cancer of the head and neck, esophagus, and lung",Int J Radiat Oncol Biol Phys,N/A,10.1016/0360-3016(89)90096-5,,N/A,N/A,RN175
"Licitra, L. and Locati, L. D. and Cavina, R. and Garassino, I. and Mattavelli, F. and Pizzi, N. and Quattrone, P. and Valagussa, P. and Gianni, L. and Bonadonna, G. and Solero, C. L. and Cantu, G.",2003,Primary chemotherapy followed by anterior craniofacial resection and radiotherapy for paranasal cancer,Ann Oncol,N/A,10.1093/annonc/mdg113,,N/A,N/A,RN236
"Lien, M. Y. and Wang, T. H. and Hsieh, C. Y. and Tsai, M. H. and Hua, C. H. and Cheng, F. M. and Chung, W. H. and Tang, C. H. and Chia-Hsun Hsieh, J.",2021,Both combined or sequential use with immune checkpoint inhibitors on cetuximab-treated patients with recurrent or metastatic head and neck squamous cell carcinoma improve the overall survival,Oral Oncol,N/A,10.1016/j.oraloncology.2021.105380,,N/A,N/A,RN130
"Lindel, K. and Beer, K. T. and Laissue, J. and Greiner, R. H. and Aebersold, D. M.",2001,Human papillomavirus positive squamous cell carcinoma of the oropharynx: a radiosensitive subgroup of head and neck carcinoma,Cancer,N/A,10.1002/1097-0142(20010815)92:4<805::aid-cncr1386>3.0.co;2-9,,N/A,N/A,RN102
"Lindquist, D. and Romanitan, M. and Hammarstedt, L. and N{\""a}sman, A. and Dahlstrand, H. and Lindholm, J. and Onel{\""o}v, L. and Ramqvist, T. and Ye, W. and Munck-Wikland, E. and Dalianis, T.",2007,Human papillomavirus is a favourable prognostic factor in tonsillar cancer and its oncogenic role is supported by the expression of E6 and E7,Mol Oncol,N/A,10.1016/j.molonc.2007.08.005,,N/A,N/A,RN355
"Linge, A. and Lock, S. and Krenn, C. and Appold, S. and Lohaus, F. and Nowak, A. and Gudziol, V. and Baretton, G. B. and Buchholz, F. and Baumann, M. and Krause, M.",2016,Independent validation of the prognostic value of cancer stem cell marker expression and hypoxia-induced gene expression for patients with locally advanced HNSCC after postoperative radiotherapy,Clin Transl Radiat Oncol,N/A,10.1016/j.ctro.2016.10.002,,N/A,N/A,RN31
"Linge, A. and Schmidt, S. and Lohaus, F. and Krenn, C. and Bandurska-Luque, A. and Platzek, I. and von Neubeck, C. and Appold, S. and Nowak, A. and Gudziol, V. and Buchholz, F. and Baretton, G. B. and Baumann, M. and Lock, S. and Krause, M.",2019,"Independent validation of tumour volume, cancer stem cell markers and hypoxia-associated gene expressions for HNSCC after primary radiochemotherapy",Clin Transl Radiat Oncol,N/A,10.1016/j.ctro.2019.03.002,,N/A,N/A,RN13
"Linge, A. and Schotz, U. and Lock, S. and Lohaus, F. and von Neubeck, C. and Gudziol, V. and Nowak, A. and Tinhofer, I. and Budach, V. and Sak, A. and Stuschke, M. and Balermpas, P. and Rodel, C. and Bunea, H. and Grosu, A. L. and Abdollahi, A. and Debus, J. and Ganswindt, U. and Lauber, K. and Pigorsch, S. and Combs, S. E. and Monnich, D. and Zips, D. and Baretton, G. B. and Buchholz, F. and Krause, M. and Belka, C. and Baumann, M. and Dktk, R. O. G.",2018,Comparison of detection methods for HPV status as a prognostic marker for loco-regional control after radiochemotherapy in patients with HNSCC,Radiother Oncol,N/A,10.1016/j.radonc.2017.12.007,,N/A,N/A,RN33
"Lingen, M. W.",2000,Lucas' pathology of tumors of the oral tissues,Arch Pathol Lab Med,N/A,,,N/A,N/A,RN386
"Lingen, M. W.",2000,Lucas' pathology of tumors of the oral tissues,Arch Pathol Lab Med,N/A,,,N/A,N/A,RN65
"Lingen, M. W.",2000,Lucas' pathology of tumors of the oral tissues,Arch Pathol Lab Med,N/A,,,N/A,N/A,RN89
"Lingen, M. W. and Kalmar, J. R. and Karrison, T. and Speight, P. M.",2008,Critical evaluation of diagnostic aids for the detection of oral cancer,Oral Oncol,N/A,10.1016/j.oraloncology.2007.06.011,,N/A,N/A,RN160
"Lohaus, F. and Linge, A. and Baumann, M.",2015,HPV and beyond-looking out for biomarkers for distinguishing the good prognosis from the bad prognosis group in locally advanced and clinically high risk HNSCC,Ann Transl Med,N/A,10.3978/j.issn.2305-5839.2015.09.35,,N/A,N/A,RN25
"Lohaus, F. and Linge, A. and Tinhofer, I. and Budach, V. and Gkika, E. and Stuschke, M. and Balermpas, P. and Rodel, C. and Avlar, M. and Grosu, A. L. and Abdollahi, A. and Debus, J. and Bayer, C. and Belka, C. and Pigorsch, S. and Combs, S. E. and Monnich, D. and Zips, D. and von Neubeck, C. and Baretton, G. B. and Lock, S. and Thames, H. D. and Krause, M. and Baumann, M. and Dktk, R. O. G.",2014,HPV16 DNA status is a strong prognosticator of loco-regional control after postoperative radiochemotherapy of locally advanced oropharyngeal carcinoma: results from a multicentre explorative study of the German Cancer Consortium Radiation Oncology Group (DKTK-ROG),Radiother Oncol,N/A,10.1016/j.radonc.2014.11.011,,N/A,N/A,RN332
"Maasland, D. H. and van den Brandt, P. A. and Kremer, B. and Goldbohm, R. A. and Schouten, L. J.",2014,"Alcohol consumption, cigarette smoking and the risk of subtypes of head-neck cancer: results from the Netherlands Cohort Study",BMC Cancer,N/A,10.1186/1471-2407-14-187,,N/A,N/A,RN142
"Mack, B. and Gires, O.",2008,CD44s and CD44v6 expression in head and neck epithelia,PLoS One,N/A,10.1371/journal.pone.0003360,,N/A,N/A,RN419
"MacMillan, C. and Kapadia, S. B. and Finkelstein, S. D. and Nalesnik, M. A. and Barnes, L.",1996,"Lymphoepithelial carcinoma of the larynx and hypopharynx: study of eight cases with relationship to Epstein-Barr virus and p53 gene alterations, and review of the literature",Hum Pathol,N/A,10.1016/s0046-8177(96)90311-1,,N/A,N/A,RN409
"Maeda, S. and Shinchi, H. and Kurahara, H. and Mataki, Y. and Maemura, K. and Sato, M. and Natsugoe, S. and Aikou, T. and Takao, S.",2008,CD133 expression is correlated with lymph node metastasis and vascular endothelial growth factor-C expression in pancreatic cancer,Br J Cancer,N/A,10.1038/sj.bjc.6604307,,N/A,N/A,RN320
"Mannelli, G. and Gallo, O.",2012,Cancer stem cells hypothesis and stem cells in head and neck cancers,Cancer Treat Rev,N/A,10.1016/j.ctrv.2011.11.007,,N/A,N/A,RN303
"Marur, S. and D'Souza, G. and Westra, W. H. and Forastiere, A. A.",2010,HPV-associated head and neck cancer: a virus-related cancer epidemic,Lancet Oncol,N/A,10.1016/s1470-2045(10)70017-6,,N/A,N/A,RN146
"Mashberg, A. and Samit, A.",1995,Early diagnosis of asymptomatic oral and oropharyngeal squamous cancers,CA Cancer J Clin,N/A,10.3322/canjclin.45.6.328,,N/A,N/A,RN396
"McMahon, J. and O'Brien, C. J. and Pathak, I. and Hamill, R. and McNeil, E. and Hammersley, N. and Gardiner, S. and Junor, E.",2003,Influence of condition of surgical margins on local recurrence and disease-specific survival in oral and oropharyngeal cancer,Br J Oral Maxillofac Surg,N/A,10.1016/s0266-4356(03)00119-0,,N/A,N/A,RN281
"Mehanna, H. and Wong, W. L. and McConkey, C. C. and Rahman, J. K. and Robinson, M. and Hartley, A. G. and Nutting, C. and Powell, N. and Al-Booz, H. and Robinson, M. and Junor, E. and Rizwanullah, M. and von Zeidler, S. V. and Wieshmann, H. and Hulme, C. and Smith, A. F. and Hall, P. and Dunn, J.",2016,PET-CT Surveillance versus Neck Dissection in Advanced Head and Neck Cancer,N Engl J Med,N/A,10.1056/nejmoa1514493,,N/A,N/A,RN201
"Nelson, A. D. and Grandis, J. R.",2007,The role of CD44 in HNSCC,Cancer Biol Ther,N/A,10.4161/cbt.6.1.3898,,N/A,N/A,RN11
"Nocito, A. and Kononen, J. and Kallioniemi, O. P. and Sauter, G.",2001,Tissue microarrays (TMAs) for high-throughput molecular pathology research,Int J Cancer,N/A,10.1002/ijc.1385,,N/A,N/A,RN449
"O'Brien, C. A. and Pollett, A. and Gallinger, S. and Dick, J. E.",2007,A human colon cancer cell capable of initiating tumour growth in immunodeficient mice,Nature,N/A,10.1038/nature05372,,N/A,N/A,RN290
"O'Brien, C. J. and Lauer, C. S. and Fredricks, S. and Clifford, A. R. and McNeil, E. B. and Bagia, J. S. and Koulmandas, C.",2003,Tumor thickness influences prognosis of T1 and T2 oral cavity cancer--but what thickness?,Head Neck,N/A,10.1002/hed.10324,,N/A,N/A,RN280
"Odell, E. W. and Farthing, P. M. and High, A. and Potts, J. and Soames, J. and Thakker, N. and Toner, M. and Williams, H. K.",2004,"British Society for Oral and Maxillofacial Pathology, UK: minimum curriculum in oral pathology",Eur J Dent Educ,N/A,10.1111/j.1600-0579.2004.00350.x,,N/A,N/A,RN385
"Ohara, Y. and Oda, T. and Sugano, M. and Hashimoto, S. and Enomoto, T. and Yamada, K. and Akashi, Y. and Miyamoto, R. and Kobayashi, A. and Fukunaga, K. and Morishita, Y. and Ohkohchi, N.",2013,Histological and prognostic importance of CD44(+) /CD24(+) /EpCAM(+) expression in clinical pancreatic cancer,Cancer Sci,N/A,10.1111/cas.12198,,N/A,N/A,RN321
"Overgaard, J. and Hansen, H. S. and Specht, L. and Overgaard, M. and Grau, C. and Andersen, E. and Bentzen, J. and Bastholt, L. and Hansen, O. and Johansen, J. and Andersen, L. and Evensen, J. F.",2003,Five compared with six fractions per week of conventional radiotherapy of squamous-cell carcinoma of head and neck: DAHANCA 6 and 7 randomised controlled trial,Lancet,N/A,10.1016/s0140-6736(03)14361-9,,N/A,N/A,RN227
"Packeisen, J. and Buerger, H. and Krech, R. and Boecker, W.",2002,Tissue microarrays: a new approach for quality control in immunohistochemistry,J Clin Pathol,N/A,10.1136/jcp.55.8.613,,N/A,N/A,RN41
"Paiva, M. B. and Blackwell, K. E. and Saxton, R. E. and Calcaterra, T. C. and Ward, P. H. and Soudant, J. and Castro, D. J.",1998,Palliative laser therapy for recurrent head and neck cancer: a Phase II clinical study,Laryngoscope,N/A,10.1097/00005537-199809000-00003,,N/A,N/A,RN213
"Paleri, V. and Stafford, F. W. and Sammut, M. S.",2005,Laser debulking in malignant upper airway obstruction,Head Neck,N/A,10.1002/hed.20153,,N/A,N/A,RN214
"Paz, I. B. and Cook, N. and Odom-Maryon, T. and Xie, Y. and Wilczynski, S. P.",1997,Human papillomavirus (HPV) in head and neck cancer. An association of HPV 16 with squamous cell carcinoma of Waldeyer's tonsillar ring,Cancer,N/A,10.1002/(sici)1097-0142(19970201)79:3<595::aid-cncr24>3.0.co;2-y,,N/A,N/A,RN339
"Peters, L. J. and Goepfert, H. and Ang, K. K. and Byers, R. M. and Maor, M. H. and Guillamondegui, O. and Morrison, W. H. and Weber, R. S. and Garden, A. S. and Frankenthaler, R. A. and et al.",1993,Evaluation of the dose for postoperative radiation therapy of head and neck cancer: first report of a prospective randomized trial,Int J Radiat Oncol Biol Phys,N/A,10.1016/0360-3016(93)90167-t,,N/A,N/A,RN250
"Petrovi{\'c}, D. and Muzikravi{\'c}, L. and Jovanovi{\'c}, D.",2007,[Metastases of unknown origin--principles of diagnosis and treatment],Med Pregl,N/A,10.2298/mpns0702029p,,N/A,N/A,RN177
"Pfreundner, L. and Willner, J. and Marx, A. and Hoppe, F. and Beckmann, G. and Flentje, M.",2000,The influence of the radicality of resection and dose of postoperative radiation therapy on local control and survival in carcinomas of the upper aerodigestive tract,Int J Radiat Oncol Biol Phys,N/A,10.1016/s0360-3016(00)00514-9,,N/A,N/A,RN247
"Pignon, J. P. and Bourhis, J. and Domenge, C. and Design{\'e}, L.",2000,Chemotherapy added to locoregional treatment for head and neck squamous-cell carcinoma: three meta-analyses of updated individual data. MACH-NC Collaborative Group. Meta-Analysis of Chemotherapy on Head and Neck Cancer,Lancet,N/A,,,N/A,N/A,RN235
"Pignon, J. P. and Bourhis, J. and Domenge, C. and Design{\'e}, L.",2000,Chemotherapy added to locoregional treatment for head and neck squamous-cell carcinoma: three meta-analyses of updated individual data. MACH-NC Collaborative Group. Meta-Analysis of Chemotherapy on Head and Neck Cancer,Lancet,N/A,,,N/A,N/A,RN287
"Pignon, J. P. and Bourhis, J. and Domenge, C. and Design{\'e}, L.",2000,Chemotherapy added to locoregional treatment for head and neck squamous-cell carcinoma: three meta-analyses of updated individual data. MACH-NC Collaborative Group. Meta-Analysis of Chemotherapy on Head and Neck Cancer,Lancet,N/A,,,N/A,N/A,RN288
"Pignon, J. P. and le Ma{\^\i}tre, A. and Maillard, E. and Bourhis, J.",2009,"Meta-analysis of chemotherapy in head and neck cancer (MACH-NC): an update on 93 randomised trials and 17,346 patients",Radiother Oncol,N/A,10.1016/j.radonc.2009.04.014,,N/A,N/A,RN237
"Pitiphat, W. and Diehl, S. R. and Laskaris, G. and Cartsos, V. and Douglass, C. W. and Zavras, A. I.",2002,Factors associated with delay in the diagnosis of oral cancer,J Dent Res,N/A,,,N/A,N/A,RN167
"Plataniotis, G. A. and Theofanopoulou, M. E. and Kalogera-Fountzila, A. and Haritanti, A. and Ciuleanou, E. and Ghilezan, N. and Zamboglou, N. and Dimitriadis, A. and Sofroniadis, I. and Fountzilas, G.",2004,Prognostic impact of tumor volumetry in patients with locally advanced head-and-neck carcinoma (non-nasopharyngeal) treated by radiotherapy alone or combined radiochemotherapy in a randomized trial,Int J Radiat Oncol Biol Phys,N/A,10.1016/j.ijrobp.2004.01.021,,N/A,N/A,RN273
"Pries, R. and Wittkopf, N. and Hasselbacher, K. and Wollenberg, B.",2008,[Constitutive expression of the potential stem cell marker CD44 in permanent HNSCC cell lines],HNO,N/A,10.1007/s00106-008-1707-0,,N/A,N/A,RN12
"Prince, M. E. and Ailles, L. E.",2008,Cancer stem cells in head and neck squamous cell cancer,J Clin Oncol,N/A,10.1200/jco.2007.15.1613,,N/A,N/A,RN316
"Prince, M. E. and Sivanandan, R. and Kaczorowski, A. and Wolf, G. T. and Kaplan, M. J. and Dalerba, P. and Weissman, I. L. and Clarke, M. F. and Ailles, L. E.",2007,Identification of a subpopulation of cells with cancer stem cell properties in head and neck squamous cell carcinoma,Proc Natl Acad Sci U S A,N/A,10.1073/pnas.0610117104,,N/A,N/A,RN421
"Probert, J. C. and Thompson, R. W. and Bagshaw, M. A.",1974,Patterns of spread of distant metastases in head and neck cancer,Cancer,N/A,10.1002/1097-0142(197401)33:1<127::aid-cncr2820330119>3.0.co;2-l,,N/A,N/A,RN193
"Rasheed, Z. A. and Matsui, W.",2012,Biological and clinical relevance of stem cells in pancreatic adenocarcinoma,J Gastroenterol Hepatol,N/A,10.1111/j.1440-1746.2011.07015.x,,N/A,N/A,RN322
"Raslan, W. F. and Barnes, L. and Krause, J. R. and Contis, L. and Killeen, R. and Kapadia, S. B.",1994,Basaloid squamous cell carcinoma of the head and neck: a clinicopathologic and flow cytometric study of 10 new cases with review of the English literature,Am J Otolaryngol,N/A,10.1016/0196-0709(94)90006-x,,N/A,N/A,RN406
"Rei{\ss}, M.",2021,Facharztwissen HNO-Heilkunde: Differenzierte Diagnostik und Therapie,N/A,N/A,,,N/A,N/A,RN157
"Reya, T. and Morrison, S. J. and Clarke, M. F. and Weissman, I. L.",2001,"Stem cells, cancer, and cancer stem cells",Nature,N/A,10.1038/35102167,,N/A,N/A,RN308
"Ricci-Vitiani, L. and Lombardi, D. G. and Pilozzi, E. and Biffoni, M. and Todaro, M. and Peschle, C. and De Maria, R.",2007,Identification and expansion of human colon-cancer-initiating cells,Nature,N/A,10.1038/nature05384,,N/A,N/A,RN293
"Ritchie, J. M. and Smith, E. M. and Summersgill, K. F. and Hoffman, H. T. and Wang, D. and Klussmann, J. P. and Turek, L. P. and Haugen, T. H.",2003,Human papillomavirus infection as a prognostic factor in carcinomas of the oral cavity and oropharynx,Int J Cancer,N/A,10.1002/ijc.10960,,N/A,N/A,RN348
RKI,2021,"Krebs in Deutschland f{\""u}r 2017/2018 13. Auflage Berlin",N/A,N/A,,,N/A,N/A,RN335
RKI,2021,"Krebs in Deutschland f{\""u}r 2017/2018 13. Auflage Berlin",N/A,N/A,,,N/A,N/A,RN61
"Robbins, K. T. and Clayman, G. and Levine, P. A. and Medina, J. and Sessions, R. and Shaha, A. and Som, P. and Wolf, G. T.",2002,Neck dissection classification update: revisions proposed by the American Head and Neck Society and the American Academy of Otolaryngology-Head and Neck Surgery,Arch Otolaryngol Head Neck Surg,N/A,10.1001/archotol.128.7.751,,N/A,N/A,RN191
"Rothman, K. and Keller, A.",1972,The effect of joint exposure to alcohol and tobacco on risk of cancer of the mouth and pharynx,J Chronic Dis,N/A,10.1016/0021-9681(72)90006-9,,N/A,N/A,RN137
"Sabatini, Maria Elisa and Chiocca, Susanna",2020,Human papillomavirus as a driver of head and neck cancers,British Journal of Cancer,N/A,10.1038/s41416-019-0602-7,,N/A,N/A,RN373
"Sadick, M. and Schoenberg, S. O. and Hoermann, K. and Sadick, H.",2012,Current oncologic concepts and emerging techniques for imaging of head and neck squamous cell cancer,GMS Curr Top Otorhinolaryngol Head Neck Surg,N/A,10.3205/cto000090,,N/A,N/A,RN205
"Schmidt, S. and Linge, A. and Grosser, M. and Lohaus, F. and Gudziol, V. and Nowak, A. and Tinhofer, I. and Budach, V. and Sak, A. and Stuschke, M. and Balermpas, P. and Rodel, C. and Schafer, H. and Grosu, A. L. and Abdollahi, A. and Debus, J. and Ganswindt, U. and Belka, C. and Pigorsch, S. and Combs, S. E. and Monnich, D. and Zips, D. and Baretton, G. B. and Buchholz, F. and Baumann, M. and Krause, M. and Lock, S. and German Cancer Consortium Radiation Oncology, Group",2020,"Comparison of GeneChip, nCounter, and Real-Time PCR-Based Gene Expressions Predicting Locoregional Tumor Control after Primary and Postoperative Radiochemotherapy in Head and Neck Squamous Cell Carcinoma",J Mol Diagn,N/A,10.1016/j.jmoldx.2020.03.005,,N/A,N/A,RN15
"Schmidt, S. and Linge, A. and Zwanenburg, A. and Leger, S. and Lohaus, F. and Krenn, C. and Appold, S. and Gudziol, V. and Nowak, A. and von Neubeck, C. and Tinhofer, I. and Budach, V. and Sak, A. and Stuschke, M. and Balermpas, P. and Rodel, C. and Bunea, H. and Grosu, A. L. and Abdollahi, A. and Debus, J. and Ganswindt, U. and Belka, C. and Pigorsch, S. and Combs, S. E. and Monnich, D. and Zips, D. and Baretton, G. B. and Buchholz, F. and Baumann, M. and Krause, M. and Lock, S. and Dktk, R. O. G.",2018,Development and Validation of a Gene Signature for Patients with Head and Neck Carcinomas Treated by Postoperative Radio(chemo)therapy,Clin Cancer Res,N/A,10.1158/1078-0432.ccr-17-2345,,N/A,N/A,RN36
"Schmincke, A.",1921,Beitrage zur pathologischen Anatomie und allgemeinen Pathologie,N/A,N/A,,,N/A,N/A,RN407
"Schmincke, A.",1921,Beitrage zur pathologischen Anatomie und allgemeinen Pathologie,N/A,N/A,,,N/A,N/A,RN125
"Scholes, A. G. and Liloglou, T. and Snijders, P. J. and Hart, C. A. and Jones, A. S. and Woolgar, J. A. and Vaughan, E. D. and Walboomers, J. M. and Field, J. K.",1997,p53 mutations in relation to human papillomavirus type 16 infection in squamous cell carcinomas of the head and neck,Int J Cancer,N/A,10.1002/(sici)1097-0215(19970529)71:5<796::aid-ijc17>3.0.co;2-6,,N/A,N/A,RN103
"Semrau, R. and Fietkau, R. and Werner, J. A. and Mueller, R. P.",2007,Radiochemotherapie als Behandlungsstandard fortgeschrittener Kopf-Hals-Karzinome,Der Onkologe,N/A,10.1007/s00761-006-1161-0,,N/A,N/A,RN206
"Shangina, O. and Brennan, P. and Szeszenia-Dabrowska, N. and Mates, D. and Fabi{\'a}nov{\'a}, E. and Fletcher, T. and t'Mannetje, A. and Boffetta, P. and Zaridze, D.",2006,Occupational exposure and laryngeal and hypopharyngeal cancer risk in central and eastern Europe,Am J Epidemiol,N/A,10.1093/aje/kwj208,,N/A,N/A,RN147
"Shi, W. and Kato, H. and Perez-Ordonez, B. and Pintilie, M. and Huang, S. and Hui, A. and O'Sullivan, B. and Waldron, J. and Cummings, B. and Kim, J. and Ringash, J. and Dawson, L. A. and Gullane, P. and Siu, L. and Gillison, M. and Liu, F. F.",2009,Comparative prognostic value of HPV16 E6 mRNA compared with in situ hybridization for human oropharyngeal squamous carcinoma,J Clin Oncol,N/A,10.1200/jco.2009.23.1670,,N/A,N/A,RN367
"Singh, S. K. and Hawkins, C. and Clarke, I. D. and Squire, J. A. and Bayani, J. and Hide, T. and Henkelman, R. M. and Cusimano, M. D. and Dirks, P. B.",2004,Identification of human brain tumour initiating cells,Nature,N/A,10.1038/nature03128,,N/A,N/A,RN298
"Smid, L. and Budihna, M. and Zakotnik, B. and Soba, E. and Strojan, P. and Fajdiga, I. and Zargi, M. and Oblak, I. and Dremelj, M. and LeSnicar, H.",2003,Postoperative concomitant irradiation and chemotherapy with mitomycin C and bleomycin for advanced head-and-neck carcinoma,Int J Radiat Oncol Biol Phys,N/A,10.1016/s0360-3016(03)00207-4,,N/A,N/A,RN261
"Smith, E. M. and Ritchie, J. M. and Summersgill, K. F. and Klussmann, J. P. and Lee, J. H. and Wang, D. and Haugen, T. H. and Turek, L. P.",2004,"Age, sexual behavior and human papillomavirus infection in oral cavity and oropharyngeal cancers",Int J Cancer,N/A,10.1002/ijc.11633,,N/A,N/A,RN350
"Snijders, P. J. and Cromme, F. V. and van den Brule, A. J. and Schrijnemakers, H. F. and Snow, G. B. and Meijer, C. J. and Walboomers, J. M.",1992,"Prevalence and expression of human papillomavirus in tonsillar carcinomas, indicating a possible viral etiology",Int J Cancer,N/A,10.1002/ijc.2910510602,,N/A,N/A,RN340
"Som, P. M.",1987,Lymph nodes of the neck,Radiology,N/A,10.1148/radiology.165.3.3317494,,N/A,N/A,RN189
"Stephen, J. K. and Divine, G. and Chen, K. M. and Chitale, D. and Havard, S. and Worsham, M. J.",2013,Significance of p16 in Site-specific HPV Positive and HPV Negative Head and Neck Squamous Cell Carcinoma,Cancer Clin Oncol,N/A,10.5539/cco.v2n1p51,,N/A,N/A,RN200
"Strutz, J. and Arndt, O.",2010,"Praxis der HNO-Heilkunde, Kopf- und Halschirurgie",N/A,N/A,,,N/A,N/A,RN156
"Strutz, J. and Mann, W.J.",2017,"Praxis der HNO-Heilkunde, Kopf- und Halschirurgie",N/A,N/A,,,N/A,N/A,RN168
"Sturgis, E. M. and Cinciripini, P. M.",2007,Trends in head and neck cancer incidence in relation to smoking prevalence: an emerging epidemic of human papillomavirus-associated cancers?,Cancer,N/A,10.1002/cncr.22963,,N/A,N/A,RN360
"Suh, Y. and Amelio, I. and Guerrero Urbano, T. and Tavassoli, M.",2014,Clinical update on cancer: molecular oncology of head and neck cancer,Cell Death Dis,N/A,10.1038/cddis.2013.548,,N/A,N/A,RN215
"Sumi, M. and Kimura, Y. and Sumi, T. and Nakamura, T.",2007,Diagnostic performance of MRI relative to CT for metastatic nodes of head and neck squamous cell carcinomas,J Magn Reson Imaging,N/A,10.1002/jmri.21187,,N/A,N/A,RN182
"Syrjanen, K. and Syrjanen, S. and Pyrhonen, S.",1982,Human papilloma virus (HPV) antigens in lesions of laryngeal squamous cell carcinomas,ORL J Otorhinolaryngol Relat Spec,N/A,10.1159/000275612,,N/A,N/A,RN337
"Talamini, R. and Bosetti, C. and La Vecchia, C. and Dal Maso, L. and Levi, F. and Bidoli, E. and Negri, E. and Pasche, C. and Vaccarella, S. and Barzan, L. and Franceschi, S.",2002,Combined effect of tobacco and alcohol on laryngeal cancer risk: a case-control study,Cancer Causes Control,N/A,10.1023/a:1021944123914,,N/A,N/A,RN139
"Thompson, L.",2006,World Health Organization classification of tumours: pathology and genetics of head and neck tumours,Ear Nose Throat J,N/A,,,N/A,N/A,RN410
"Thompson, L.",2006,World Health Organization classification of tumours: pathology and genetics of head and neck tumours,Ear Nose Throat J,N/A,,,N/A,N/A,RN19
"Thompson, L.",2006,World Health Organization classification of tumours: pathology and genetics of head and neck tumours,Ear Nose Throat J,N/A,,,N/A,N/A,RN20
"Thompson, L. D. and Wieneke, J. A. and Miettinen, M. and Heffner, D. K.",2002,Spindle cell (sarcomatoid) carcinomas of the larynx: a clinicopathologic study of 187 cases,Am J Surg Pathol,N/A,10.1097/00000478-200202000-00002,,N/A,N/A,RN404
"Thompson, L.D.R. and Bishop, J.A.",2017,Head and Neck Pathology E-Book: A Volume in the Series: Foundations in Diagnostic Pathology,N/A,N/A,,,N/A,N/A,RN383
"Thompson, L.D.R. and Bishop, J.A.",2017,Head and Neck Pathology E-Book: A Volume in the Series: Foundations in Diagnostic Pathology,N/A,N/A,,,N/A,N/A,RN113
"Thurnher, D.",2011,HNO-Heilkunde - Ein symptomorientiertes Lehrbuch,N/A,N/A,,,N/A,N/A,RN105
"Thurnher, D. and Grasl, M. and Erovic, B.M. and Lercher, P.",2010,HNO-Heilkunde: Ein symptomorientiertes Lehrbuch,N/A,N/A,,,N/A,N/A,RN107
"Thurnher, D. and Grasl, M. and Erovic, B.M. and Lercher, P.",2010,HNO-Heilkunde: Ein symptomorientiertes Lehrbuch,N/A,N/A,,,N/A,N/A,RN380
"Thurnher, D. and Grasl, M. and Erovic, B.M. and Lercher, P.",2010,HNO-Heilkunde: Ein symptomorientiertes Lehrbuch,N/A,N/A,,,N/A,N/A,RN376
"Thurnher, D. and Grasl, M. and Erovic, B.M. and Lercher, P.",2010,HNO-Heilkunde: Ein symptomorientiertes Lehrbuch,N/A,N/A,,,N/A,N/A,RN374
"To, E. W. and Tsang, W. M. and Cheng, J. and Lai, E. and Pang, P. and Ahuja, A. T. and Ying, M.",2003,Is neck ultrasound necessary for early stage oral tongue carcinoma with clinically N0 neck?,Dentomaxillofac Radiol,N/A,10.1259/dmfr/20155904,,N/A,N/A,RN187
"Trotti, A.",2000,Toxicity in head and neck cancer: a review of trends and issues,Int J Radiat Oncol Biol Phys,N/A,10.1016/s0360-3016(99)00558-1,,N/A,N/A,RN253
"Trotti, A. and Bellm, L. A. and Epstein, J. B. and Frame, D. and Fuchs, H. J. and Gwede, C. K. and Komaroff, E. and Nalysnyk, L. and Zilberberg, M. D.",2003,"Mucositis incidence, severity and associated outcomes in patients with head and neck cancer receiving radiotherapy with or without chemotherapy: a systematic literature review",Radiother Oncol,N/A,10.1016/s0167-8140(02)00404-8,,N/A,N/A,RN254
"Trotti, A. and Pajak, T. F. and Gwede, C. K. and Paulus, R. and Cooper, J. and Forastiere, A. and Ridge, J. A. and Watkins-Bruner, D. and Garden, A. S. and Ang, K. K. and Curran, W.",2007,TAME: development of a new method for summarising adverse events of cancer treatment by the Radiation Therapy Oncology Group,Lancet Oncol,N/A,10.1016/s1470-2045(07)70144-4,,N/A,N/A,RN255
"Turner, M. T. and Byrd, J. K. and Ferris, R. L.",2016,Current Role of Surgery in the Management of Oropharyngeal Cancer,J Oncol Pract,N/A,10.1200/jop.2016.015263,,N/A,N/A,RN172
"Van Cann, E. M. and Koole, R. and Oyen, W. J. and de Rooy, J. W. and de Wilde, P. C. and Slootweg, P. J. and Schipper, M. and Merkx, M. A. and Stoelinga, P. J.",2008,Assessment of mandibular invasion of squamous cell carcinoma by various modes of imaging: constructing a diagnostic algorithm,Int J Oral Maxillofac Surg,N/A,10.1016/j.ijom.2008.02.009,,N/A,N/A,RN190
"van der Waal, I.",2009,"Potentially malignant disorders of the oral and oropharyngeal mucosa; terminology, classification and present concepts of management",Oral Oncol,N/A,10.1016/j.oraloncology.2008.05.016,,N/A,N/A,RN162
"Vidiri, A. and Ruscito, P. and Pichi, B. and Pellini, R. and Covello, R. and Sperduti, I. and Di Giovanni, S. and Spriano, G. and Crecco, M.",2007,"Oral cavity and base of the tongue tumors. Correlation between clinical, MRI and pathological staging of primary tumor",J Exp Clin Cancer Res,N/A,,,N/A,N/A,RN184
"Vochem, R and Einenkel, J and Horn, L-C and Ruschpler, P",2014,"Bedeutung der Tumorstammzellhypothese f{\""u}r das Verst{\""a}ndnis des Ovarialkarzinoms",Der Pathologe,N/A,,,N/A,N/A,RN289
"Vokes, E. E. and Weichselbaum, R. R. and Lippman, S. M. and Hong, W. K.",1993,Head and neck cancer,N Engl J Med,N/A,10.1056/nejm199301213280306,,N/A,N/A,RN196
"Warnakulasuriya, S.",2009,Global epidemiology of oral and oropharyngeal cancer,Oral Oncol,N/A,10.1016/j.oraloncology.2008.06.002,,N/A,N/A,RN129
"Weinberger, P. M. and Yu, Z. and Haffty, B. G. and Kowalski, D. and Harigopal, M. and Brandsma, J. and Sasaki, C. and Joe, J. and Camp, R. L. and Rimm, D. L. and Psyrri, A.",2006,Molecular classification identifies a subset of human papillomavirus--associated oropharyngeal cancers with favorable prognosis,J Clin Oncol,N/A,10.1200/jco.2004.00.3335,,N/A,N/A,RN368
"Werner, J.A.",2013,Lymphknotenerkrankungen im Kopf-Hals-Bereich: Onkologie und Differenzialdiagnostik,N/A,N/A,,,N/A,N/A,RN174
"Wicha, M. S. and Liu, S. and Dontu, G.",2006,Cancer stem cells: an old idea--a paradigm shift,Cancer Res,N/A,10.1158/0008-5472.can-05-3153,,N/A,N/A,RN417
"Wiernik, G. and Bates, T. D. and Bleehen, N. M. and Brindle, J. M. and Bullimore, J. and Fowler, J. F. and Haybittle, J. L. and Howard, N. and Laing, A. H. and Lindup, R. and et al.",1990,Final report of the general clinical results of the British Institute of Radiology fractionation study of 3F/wk versus 5F/wk in radiotherapy of carcinoma of the laryngo-pharynx,Br J Radiol,N/A,10.1259/0007-1285-63-747-169,,N/A,N/A,RN224
"Wiltfang, J. and Grabenbauer, G. and Bloch-Birkholz, A. and Leher, A. and Neukam, F. W. and Kessler, P.",2003,[Evaluation of quality of life of patients with oral squamous cell carcinoma. Comparison of two treatment protocols in a prospective study-first results],Strahlenther Onkol,N/A,10.1007/s00066-003-1143-8,,N/A,N/A,RN257
"Wittekind, C.",2013,TNM-Supplement: Erlauterungen Zur Einheitlichen Anwendung,N/A,N/A,,,N/A,N/A,RN128
"Wittekind, C.",2013,TNM-Supplement: Erlauterungen Zur Einheitlichen Anwendung,N/A,N/A,,,N/A,N/A,RN333
"Wittekind, C.",2020,"TNM Klassifikation Maligner Tumoren: Korrigierter Nachdruck 2020 Mit Allen Erg{\""a}nzungen der UICC Aus Den Jahren 2017 Bis 2019",N/A,N/A,,,N/A,N/A,RN155
"Wittekindt, C. and G{\""u}ltekin, E. and Weissenborn, S. J. and Dienes, H. P. and Pfister, H. J. and Klussmann, J. P.",2005,Expression of p16 protein is associated with human papillomavirus status in tonsillar carcinomas and has implications on survival,Adv Otorhinolaryngol,N/A,10.1159/000082474,,N/A,N/A,RN199
"Wolff, Klaus-Dietrich and Rau, Andrea and Weitz, Jochen and Langer, Thomas and Zidane, Miriam",2021,"Aktualisierung der S3-Leitlinie „Diagnostik und Therapie des Mundh{\""o}hlenkarzinoms ``: Was ist neu?",Der MKG-Chirurg,N/A,,,N/A,N/A,RN179
"Woods, R., Sr. and O'Regan, E. M. and Kennedy, S. and Martin, C. and O'Leary, J. J. and Timon, C.",2014,Role of human papillomavirus in oropharyngeal squamous cell carcinoma: A review,World J Clin Cases,N/A,10.12998/wjcc.v2.i6.172,,N/A,N/A,RN216
"Woolgar, J. A.",2006,Histopathological prognosticators in oral and oropharyngeal squamous cell carcinoma,Oral Oncol,N/A,10.1016/j.oraloncology.2005.05.008,,N/A,N/A,RN269
"Woolgar, J. A. and Rogers, S. N. and Lowe, D. and Brown, J. S. and Vaughan, E. D.",2003,Cervical lymph node metastasis in oral cancer: the importance of even microscopic extracapsular spread,Oral Oncol,N/A,10.1016/s1368-8375(02)00030-1,,N/A,N/A,RN164
"Zelefsky, Michael J and Harrison, Louis B and Armstrong, John G",1992,Long‐term treatment results of postoperative radiation therapy for advanced stage oropharyngeal carcinoma,Cancer,N/A,,,N/A,N/A,RN246
"Zhang, Q. and Shi, S. and Yen, Y. and Brown, J. and Ta, J. Q. and Le, A. D.",2010,A subpopulation of CD133(+) cancer stem-like cells characterized in human oral squamous cell carcinoma confer resistance to chemotherapy,Cancer Lett,N/A,10.1016/j.canlet.2009.08.010,,N/A,N/A,RN429
"Zheng, H. and Li, L. L. and Hu, D. S. and Deng, X. Y. and Cao, Y.",2007,Role of Epstein-Barr virus encoded latent membrane protein 1 in the carcinogenesis of nasopharyngeal carcinoma,Cell Mol Immunol,N/A,,,N/A,N/A,RN133
"zur Tumorentstehung, Neues Konzept",N/A,Ist Krebs eine Stammzellerkrankung?,N/A,N/A,,,N/A,N/A,RN295
